,business_id,relation
0,9yKzy9PApeiPPOUJEtnvkg,"['drinks', 'self-serve']"
1,ZRJwVLyzEJq1VAihDhYiow,"['food', 'Italian']"
2,6oRAC4uyJCsJl1X0WZpVSA,"['food', 'eastern']"
3,-yxfBYGB6SEqszmxJxd97A,"['dinner', 'amazing']"
4,zp713qNhx8d9KCJJnrw1xA,"['food', 'Beautiful']"
5,wNUea3IXZWD63bbOQaOH-g,"['lunch', 'great']"
6,nMHhuYan8e3cONo3PornJA,"['food', 'interesting']"
7,e9nN4XxjdHj4qtKCOPq_vg,"['lunch', 'Fresh']"
8,yc5AH9H71xJidA_J2mChLA,"['food', 'Passable']"
9,Vb9FPCEL6Ly24PNxLBaAFw,"['service', 'Bad']"
10,supigcPNO9IKo6olaTNV-g,"['atmosphere', 'nice']"
11,b5cEoKR8iQliq-yT2_O0LQ,"['dinner', 'unimpressive']"
12,tdcjXyFLMKAsvRhURNOkCg,"['drinks', 'overpriced']"
13,JhupPnWfNlMJivnWB5druA,"['drinks', 'unique/fun']"
14,wzP2yNpV5p04nh0injjymA,"['quality', 'good']"
15,qjmCVYkwP-HDa35jwYucbQ,"['lunch', 'healthy']"
16,wct7rZKyZqZftzmAU-vhWQ,"['lunch', 'special']"
17,V1nEpIRmEa1768oj_tuxeQ,"['dinner', 'wonderful']"
18,vvA3fbps4F9nGlAEYKk_sA,"['dish', 'main']"
19,3oLy0rlzRI_xiqfQHqC4_g,"['price', 'cheap']"
20,o1GIYYZJjM6nM03fQs_uEQ,"['dinner', 'celebratory']"
21,Pr9rQKypHgC_J1AfufxzIw,"['breakfast', 'Yummy']"
22,-kVXDEqGHOWKxQ3EhvFgVA,"['drinks', 'soft']"
23,qyNtVViurIcChc35mfYIEw,"['food', 'Vietnamese']"
24,umdxfhSlk67yGEi8-S-bEg,"['lunch', 'steep']"
25,puy0PzIcCgR3KWJI7llBFQ,"['food', 'best']"
26,e0vubCKi8KD8zC2C6FdbuQ,"['food', 'great']"
27,qB-qsaSnhbHCt18_AN4Quw,"['taste', 'overwhelming']"
28,aRkYtXfmEKYG-eTDf_qUsw,"['breakfast', 'fast']"
29,JuBygU4XDjqSeW9okyvbsQ,"['taste', 'pleasant']"
30,jRfdz5voj40P6WS9L54caw,"['dinner', 'free']"
31,7SO_rX1F6rQEl-5s3wZxgQ,"['food', 'exceptional']"
32,EC9WB-iVjd28B6R6KIZ8TA,"['food', 'so-so']"
33,K8pM6qQdYu5h6buRE1-_sw,"['breakfast', 'light']"
34,FCcFT610nQBVcRdY-devQA,"['drinks', 'happy']"
35,AaKlegu7gmOCD4rEESF76Q,"['dinner', 'perfect']"
36,YeDYa6tYL16CyqYvUVOtLw,"['quality', 'poor']"
37,P5uC-zfGG6yqoQDUyqyAvg,"['dinner', 'nice']"
38,0QTn4pMzKv1mnQifcP9YoQ,"['food', 'Chinese']"
39,_HTE4pOKeJC7kcxiCF9vTA,"['dish', 'Second']"
40,NNGJQF3WeIHzGzweCpZ-VA,"['food', 'bad']"
41,4meJyPOhuAKzywUJTmu2hw,"['breakfast', 'hearty']"
42,s9XNBJAZ3ZcNW5u8BRZXuw,"['dinner', 'casual']"
43,Xq9tkiHhyN_aBFswFeGLvA,"['dinner', 'large']"
44,ImghNwml8N-ncAqhXe00hg,"['food', 'great']"
45,cBpJIOrVXotDI0XAZH_k0g,"['dinner', 'late']"
46,FkHhy6kWeoJf0xJTqzRWmg,"['food', 'edible']"
47,c1yGkETheht_1vjda7G5sA,"['dinner', 'occasional']"
48,5kRug3bEienrpovtPRVVwg,"['food', 'good']"
49,LzpR_jE6VIutJ08s2cdRrw,"['food', 'good']"
50,O-Xa9GCFWI65YiBD5Jw_hA,"['food', 'fresh']"
51,vARjqeIkSNsazHltujiq4Q,"['food', 'good']"
52,Hgbxen9iKGL4AH6kKgC8YQ,"['service', 'courteous']"
53,hfl62LX14YqNpG0g0Tj6_Q,"['dinner', 'romantic']"
54,rRe2eLIQ4MQ7d6vFL26Qdg,"['price', 'reasonable']"
55,yGmdo1ENajB98iryHGoWFw,"['lunch', 'lazy']"
56,bc-lE-wGVAsUrX-kJhtY-Q,"['dinner', 'excellent']"
57,CrBsdxqOjPdnfsDxV89GJQ,"['drinks', 'fancy']"
58,m9Wqqma30o-hH2fAX7dnug,"['food', 'Good']"
59,WaO_hAunQrZ--vI308rHQA,"['food', 'Great']"
60,YEQkTCmphjr6XKPh4m93AQ,"['drinks', 'mixed']"
61,1Q_H3BLhKBymF6Se8FfZNw,"['food', 'best']"
62,qRBeZAFiId0ainBtpFSGuQ,"['food', 'better']"
63,PmPOuRvuN3CoNOi1nBj_TQ,"['lunch', 'good']"
64,F-ykHfGY9lWr12OJ_Ofy7A,"['drinks', 'mixed']"
65,0BpMvu5B9fY-KEbOuxLtFQ,"['food', 'cooked']"
66,XMRj865sZBPWCI7tx0uBWw,"['food', 'Chinese']"
67,CvRGjwCsrQs1DYYL3z8R7g,"['food', 'so-so']"
68,UI5ghIUeHYxzwSfaDVUXOA,"['dinner', 'free']"
69,YKOvlBNkF4KpUP9q7x862w,"['dinner', '8th']"
70,qkbloHdDZuHf_0wTqUGPjQ,"['lunch', 'entire']"
71,nFo_63pTr-4ZhakuaRFOCA,"['food', 'mexican']"
72,rZbHg4ACfN3iShdsT47WKQ,"['lunch', 'nice']"
73,CgHcO651uEE3aalrkm4boQ,"['quality', 'highest']"
74,sbsFamEj5wDxNAjUKrMcSw,"['breakfast', 'Good']"
75,aBjgE5pLhtz4RGGR-IWpGA,"['service', 'better']"
76,08Z_Zzp8PyEmWWpYurIO-Q,"['food', 'Great']"
77,c0RSs2KYK5Y-ZlSrNq9LyA,"['lunch', 'quick']"
78,wl51t6lT7leiX64SlkOx6g,"['food', 'great']"
79,R3UFldNkrGqOsDgD_cw6bA,"['meal', 'first']"
80,35uDzLpJlbSztgkJLtg1kw,"['food', 'prepared']"
81,NKSA0em3dHSGTyo6Eu-Waw,"['dish', 'favorite']"
82,St3jS0PnF1lulH1ggA4Jgw,"['service', 'friendly']"
83,zDfaNgSYLn-TwquB5A6AaA,"['price', 'good']"
84,NN2qs5B713vM6BDcMyrg4A,"['breakfast', 'best']"
85,ho4Te6bO2tGs56h9PF2vuA,"['food', 'SPICY']"
86,sjCRI-lCh4KLO_RYQdlEeQ,"['dish', 'delicious']"
87,uL_kqSm8ZqJ_3U88uwA8tw,"['atmosphere', 'friendly']"
88,06kfoeRs9Acj82Yl3i9p_w,"['food', 'great']"
89,SMpL3z4FLF07bRA6-y22JQ,"['dish', 'stir']"
90,oyzxIqrtzu-8sWlPhJVsLw,"['food', 'Mexican']"
91,NCbHGtOP5yJBJsPPaE3X5g,"['food', 'ethnic']"
92,cgNIBHS2mLdbTRiodAT6EQ,"['food', 'Mexican']"
93,nY2QBNMEfT3j68j-DHOGyg,"['breakfast', 'favorite']"
94,2ceeU8e3nZjaPfGmLwh4kg,"['food', 'affordable']"
95,qecLHHzAwgkkeA1bG81vmw,"['food', 'amazing']"
96,vA8T8QXh78iSXhxShLNgQA,"['food', 'Mexican']"
97,K2_Hmmo5crTYWiT_1sWnfQ,"['food', 'fast']"
98,NBwPgX7L2D-EZedgo3A-pw,"['lunch', 'small']"
99,VY_tvNUCCXGXQeSvJl757Q,"['drinks', 'cheap']"
100,4EeLblEpJc2VeBowa94YPQ,"['food', 'ethnic']"
101,Gq092IH6eZqhAXwtXcwc6A,"['food', 'Great']"
102,pfTwzep_4hRTX_jXoi38cw,"['food', 'liquid']"
103,L9UYbtAUOcfTgZFimehlXw,"['breakfast', 'first']"
104,UmhTiNOKareQDP7D9aAnKw,"['food', 'much']"
105,hBHkHYOk_E-6EgObC6MTdQ,"['breakfast', 'serving']"
106,1CNKe3H07sLu6rigOpAYsg,"['drinks', 'basic']"
107,QnAzW6KMSciUcuJ20oI3Bw,"['food', 'American']"
108,yJr24Yy1K6bt2G9fX3_zPA,"['dish', 'dry']"
109,OOCLVeqqMFfSnKa7liv0Kw,"['lunch', 'quick']"
110,LeBQ8Wc3BK_i_jPSbFpZHA,"['service', 'Friendly']"
111,ke3RFq3mHEAoJE_kkRNhiQ,"['dish', 'same']"
112,E4b5OC_6mZ0V7B6Nyjncsg,"['lunch', 'second']"
113,Exx5ffvnmk4MrTyCkPRuug,"['food', 'Mexican']"
114,RqbSeoeqXTwts5pfhw7nJg,"['service', 'Outstanding']"
115,I4bSn5gXsHuSPu7L-d_8nQ,"['dish', 'great']"
116,cp39VURFby4A6u9m2It8jg,"['food', 'simple']"
117,8o-NLKy_XfbJtqljX9XLCA,"['dish', 'favorite']"
118,xmtKVO7C7KYVqMBe2eQq3A,"['service', 'crappy']"
119,VVeogjZya58oiTxK7qUjAQ,"['lunch', 'late']"
120,x4L42igQPv4TFlqGR2Wthg,"['dinner', 'quiet']"
121,MwaFQkJxzqg8G5_hTip99A,"['service', 'excellent']"
122,WYj43z0qmlKklhcvV75mwQ,"['food', 'Good']"
123,9Y3aQAVITkEJYe5vLZr13w,"['breakfast', 'mediocre']"
124,FeI75xIG8PF_XZ6P80gLBQ,"['drinks', 'couple']"
125,yPJFfglhMHAKciUpjTmgBg,"['food', 'delicious']"
126,vnRwp-LUrxMdJC9je4q9Fw,"['service', 'bad']"
127,uI4YqMarUpchI4I3ZWgOGA,"['drinks', 'other']"
128,8qrICL2tS2Rq7b5gxUdQwQ,"['food', 'Best']"
129,h6jfMpTZpNduLG0wE2tbaw,"['dish', 'noodle']"
130,adKyTJT-RtaTP0krxLyQwQ,"['service', 'good']"
131,R6aazv8FB-6BeanY3ag8kw,"['drinks', 'awesome']"
132,FV0BkoGOd3Yu_eJnXY15ZA,"['dinner', 'quickie']"
133,1NZLxU5WvB5roPFzneAlLw,"['dinner', 'special']"
134,1cTI09YZ3uRPXt3YkznuPg,"['dinner', 'early']"
135,iDYzGVIF1TDWdjHNgNjCVw,"['dinner', 'remaining']"
136,PuHucejs4LG3hSXnrwi9-g,"['food', 'other']"
137,pQ3kRVmttsV1bHxuTf7TAg,"['drinks', 'priced']"
138,hh2lP4_2N-tk_OxmaTf_qA,"['food', 'expensive']"
139,OFiQ34TNKEE5a00Vd8Kwsg,"['meal', 'full']"
140,D1T1jtCfTfXD-cQE3QViow,"['food', 'Great']"
141,s26P-jeVUH9TjnTPQttPag,"['atmosphere', 'social']"
142,-0bUDim5OGuv8R0Qqq6J4A,"['food', 'much']"
143,mn1LFFcQwEpir38_mPYH_g,"['food', 'cheap']"
144,RFMcLH3_58eAwvSfvLhJew,"['food', 'good']"
145,91n02N35x38nvR1XH-jOAw,"['dinner', 'great']"
146,Cr2JNnewX53TYd9w6qw6Jw,"['lunch', 'rather']"
147,PNrOTfMmE0CJFV9YwSLzYw,"['dish', 'veggie']"
148,8Hn5X1AqgmSLHRG2KgBJBg,"['dish', 'deep']"
149,PWG28q4JFOc8FiRBjnfCkA,"['food', 'healthy']"
150,Y-9dJvw-J2d9QKfuL7mKgA,"['dish', 'other']"
151,xWlCgISVtozxCztPA4nGaQ,"['drinks', 'mixed']"
152,MuIXnv7Oq7X3-4aEsp9dDA,"['dish', 'original']"
153,vxPPpj5jJKO8DtapF5S-NQ,"['dish', 'little']"
154,YQvg0JCGRFUkb6reMMf3Iw,"['lunch', 'nice']"
155,7eUFOcfxuXDdrHGVSp3_9A,"['food', 'Fresh']"
156,y6uO4ydAwBHUujfiSktxZg,"['food', 'Excellent']"
157,Gy7ERh2GhmAYMZMO48ztBg,"['dinner', 'buffet-style']"
158,FqzgT9Y-Yu7jiWdHnGW-kQ,"['dish', 'cheese-y']"
159,GqtMJxq5-7Xp1ZXXmahLaA,"['lunch', 'nice']"
160,MXOdsPTLQPsQK9hUq01DWg,"['food', 'frozen']"
161,1621ir5mjVgbHwxCbMAEjg,"['quality', 'highest']"
162,Bc4DoKgrKCtCuN-0O5He3A,"['food', 'certain']"
163,8PYmv83XaJTioz5_A-SVxA,"['taste', 'poor']"
164,eIxSLxzIlfExI6vgAbn2JA,"['food', 'good']"
165,Hf_MFIPi7ZiIWDQodJMzwg,"['service', 'Great']"
166,Tmzzn7JyCoMgeb-IYRNlGQ,"['order', 'special']"
167,l3yL2rQ6PoFBQ06RLczn9w,"['quality', 'sound']"
168,TbaAnzOTX2-boTbAp3e8Qw,"['food', 'Mexican']"
169,E0fZHHInMb6xscHDrPlh4Q,"['quality', 'better']"
170,QIHyWCBG3ftvXbGdHQKdHw,"['service', 'Friendly']"
171,-bd26a1QEEpqUZjBmtBUiQ,"['dish', 'Ethiopian']"
172,3n9mSKySEv3G03YjcU-YOQ,"['drinks', 'couple']"
173,ntN85eu27C04nwyPa8IHtw,"['breakfast', 'good']"
174,glpdHF7XlpUQUs1Jpxv4SQ,"['service', 'awesome']"
175,Lnohr9bpCbHNsomazXDg-w,"['dish', 'baking']"
176,B8ujMtvvpHyEQ2r_QlAT2w,"['dish', 'popular']"
177,kfscAJnLVf6J2uEte7g-5A,"['dish', 'popular']"
178,u9MKnG0PqI8N7ixSfrrTiw,"['food', 'Amazing']"
179,yktWUtKBja_Lzk3wwR6RFA,"['lunch', 'late']"
180,qNoNkF1yJctEs3t40VkX4w,"['food', 'tex-mex']"
181,b9dv7Q0A8XcJ44zzTDJeYw,"['food', 'fast']"
182,eR_vyBCRhMQKhmHbxFkPVw,"['food', 'fast']"
183,-EctXOb3B7T177jGYUhjVA,"['food', 'tasty']"
184,AhpzPZH3b0PGT9mVoLCQDg,"['dish', 'main']"
185,Aicnm12Zped8nQFXyRRFvw,"['food', 'homemade']"
186,ZdQbDVZWDsO-d7q2qW8E3A,"['dish', 'spicy']"
187,9ziO3NpoNTKHvIKCBFB_fQ,"['dinner', 'romantic']"
188,xsSnuGCCJD4OgWnOZ0zB4A,"['food', 'excellent']"
189,732Z5HGLEEBjAgXxfnuXlQ,"['food', 'good']"
190,EGiGWZp_zSqdeftiFQ7MbA,"['dish', 'favorite']"
191,hCtyvahPsEOUb38LKxEQNQ,"['food', 'mediocre']"
192,9OPheVf5o8sRcRHxJDl4-A,"['drinks', 'mixed']"
193,_oQN89kF_d97-cWW0iO8_g,"['dish', 'flat']"
194,XkNQVTkCEzBrq7OlRHI11Q,"['food', 'superb']"
195,ZhMlXLXuZf5z7lxunHk2ww,"['dinner', 'reserved']"
196,0lEp4vISRmOXa8Xz2pWhbw,"['drinks', 'own']"
197,M6fjHpkL9IRI-nI0BattRw,"['lunch', 'Enjoyed']"
198,17DI33J8TkcfzyoiIYLQIw,"['food', 'hot']"
199,jsJxRLGm8zjWm_HVR2FDnw,"['lunch', '$']"
200,eTbtfgUtfewdncgVf2CbWw,"['lunch', 'light']"
201,lVHtVCyFJOqAH0ltn7pLuw,"['taste', 'chargrilled']"
202,XHr5mXFgobOHoxbPJxmYdg,"['breakfast', 'fresh']"
203,OFBJtqWGSx6n6CchtVmoRw,"['lunch', 'great']"
204,TMdHhDI7jYQ9206dtvrBgA,"['food', 'mexican']"
205,YCCDMLcb7UW8G-o_HsWiiA,"['food', 'enough']"
206,FhjdZ2DtjVgCfK47bYO6sw,"['lunch', 'good']"
207,8cL7aJVKTYmLguzXEAS3Lw,"['dish', 'garlic']"
208,g-eZgnBDvSDguF8cUxKCkA,"['dinner', 'great']"
209,9BH18avE46LlHMvJn67MaA,"['lunch', 'nice']"
210,e8FMAuTswDueAlLsNyLhcA,"['breakfast', 'early']"
211,TuuENwzxOFdDLY_oKCbFZw,"['food', 'good']"
212,6imLt53br7SJ3av07jjH7w,"['drinks', 'orded']"
213,hWhVP-28LYP3llaMlAJ_JA,"['food', 'Mexican']"
214,IRxBQfA7FdHhzrPjtBxuuw,"['meal', 'no-frills']"
215,0ONypOKIhttBz9IJzBE8jg,"['dinner', 'pre']"
216,P1R-DyUyBeWCvPKrRkglsQ,"['breakfast', 'good']"
217,iELA6eREUgDVQrtLgYmS6Q,"['price', 'Good']"
218,AkOruz5CrCxUmXe1p_WoRg,"['lunch', 'late']"
219,pF7uRzygyZsltbmVpjIyvw,"['service', 'great']"
220,IVc23uY-36WUNYoIbz42Fg,"['lunch', 'excellent']"
221,mHZXq1c6j1b5bKXTxKJ-pA,"['drinks', '8-10pm']"
222,OllL0G9Kh_k1lx-2vrFDXQ,"['food', 'Mexican']"
223,_-9pMxBWtG_x8l4rHWBasg,"['lunch', 'quick']"
224,2e1jzfiHFGCRpV66gYNVbA,"['meal', 'satisfying']"
225,-gefwOTDqW9HWGDvWBPSMQ,"['drinks', 'strong']"
226,6nseTZb6WrGWcithRThfag,"['dish', 'previous']"
227,bO2rQLEntQLcg675LjEqaA,"['food', 'Great']"
228,soiGohHtWOltGeomkSxzEw,"['dish', 'green']"
229,Bm2PBs_AZEtx93zdtwqUJA,"['service', 'good']"
230,HMUvbAHRnbAczNrYy8e5MA,"['lunch', 'great']"
231,dzncF6n6MHJLXUo4_J6eig,"['food', 'great']"
232,vN4mFODLd-gLmDg261wsyw,"['taste', 'strong']"
233,_CG5zJAoNN6gszjhSyUcww,"['food', 'Korean']"
234,ApUCpJ9aa6yVgsde16gYrg,"['food', 'good']"
235,F3wzildlt2jM4OAQ2Z0ZJw,"['food', 'preeminent']"
236,bxEd1ust_wI0Br-HLnEy0Q,"['service', 'horrible']"
237,3GAPcBG8SowgrpS6UHlDeQ,"['meal', 'full']"
238,kJFS_3WlP6TFdNUYt6V6FA,"['food', 'Japanese']"
239,cInzGnaFZ3EIItvFXl1MvQ,"['price', '$']"
240,1F-pelV0fTduYV_vCrvjLA,"['price', 'decent']"
241,fm4X0SV2Kofj-57ZfHiZ_A,"['dish', 'Bosnian']"
242,TnkxapUN4nWMz_z5h3qMYg,"['service', 'Friendly']"
243,uEJQSIjWui-TDWXaGlcqyQ,"['lunch', 'early']"
244,lktu5JPDlQUG-7cV7gOzDQ,"['drinks', 'Fantastic']"
245,rrWhi2TL0smrbihvavZxcg,"['dinner', 'most']"
246,1_43FZHx3P5D7X-CpIR9WA,"['food', 'fast']"
247,LYyGQgL60VKdV-p_9OxmWQ,"['food', 'Indian']"
248,4FS5otEktCyI1aDpg_h03g,"['lunch', 'special']"
249,GpK9MeUjEd7rwhejG2ykww,"['breakfast', 'greasy']"
250,FyyNwrfVbCG3BsYEM5csQA,"['food', 'amazing']"
251,SS073W0tN3nvG36Qy6n0qg,"['food', 'average']"
252,5o5MLNPmAeakGgdqeGyMvw,"['drinks', 'refilling']"
253,RtApx92iFX4n-e1VlQlkmQ,"['dish', 'great']"
254,55seKyxRWUmHC1s52xk45g,"['lunch', 'filling']"
255,bcBMAa0UQpNLFvvdZ4dxtQ,"['drinks', 'cheap']"
256,z2YTaHtGod3i3BBbKiMNwQ,"['drinks', 'other']"
257,81a6sTDzNzsRsoUETeoBRA,"['atmosphere', 'enough']"
258,3l72FflaaeI0tWEAWN3-gQ,"['food', 'Good']"
259,OjNTZTZ6HYQghJN-3jmwnA,"['food', 'awful']"
260,SDwYQ6eSu1htn8vHWv128g,"['food', 'Excellent']"
261,SoMmHSD_g9xQv68GV22RZw,"['food', 'good']"
262,uKSX1n1RoAzGq4bV8GPHVg,"['dinner', 'lovely']"
263,E7nk0lC317pGxMX56gvaVQ,"['atmosphere', 'nice']"
264,5ambRqdTJt9vGwFzVI9HBw,"['atmosphere', 'good']"
265,rDvz5jX65gpfONFu7er9Tw,"['food', 'Mexican']"
266,K4Oo7A5Kp5eSgBV7MgOu8Q,"['drinks', 'blended']"
267,WS1z1OAR0tRl4FsjdTGUFQ,"['lunch', 'Great']"
268,9U7_UWXXJZOW14L0kAdCNA,"['drinks', 'overpriced']"
269,ObYf1kZVWfL8NocxUwGJKg,"['drinks', 'few']"
270,V6BYjHM9SnXscfkln3hCdA,"['dinner', 'quick']"
271,GIGI8bJfN6HyPzmEW-QqjA,"['lunch', 'good']"
272,-4A5xmN21zi_TXnUESauUQ,"['breakfast', 'Great']"
273,QKGZajo_Xm6AW3lHkU9Mmg,"['dinner', 'special']"
274,k8JnZBspVOI8kLcQek-Chw,"['order', 'screwed']"
275,GRFunGSUZxXqNCZJrN8Oow,"['food', 'decent']"
276,tpIU_ZvIfCfCp36IgghlHQ,"['lunch', 'healthy']"
277,BINYfrtGp3A4w0d5E7kbYw,"['food', 'good']"
278,zmFc8M-hS4uuyY0hklIpoQ,"['drinks', 'few']"
279,90AXjqb4O-wrTHDKDoDUzg,"['food', 'packaged']"
280,-hQ8iZygzi0iiTFUkHgiEA,"['quality', 'high']"
281,KoIRdcIfh3XWxiCeV1BDmA,"['drinks', 'great']"
282,H91jZ9BiQZZ4_7OlEd6eQg,"['dinner', 'casual']"
283,cqIHyZ3Q0D4vBi-vb4mi-g,"['drinks', 'cheap']"
284,-AAig9FG0s8gYE4f8GfowQ,"['quality', 'better']"
285,V9i9LnTg9H2XvzqCVBSOXg,"['dinner', 'romantic']"
286,fP-BPL6iRu2tbcvlnjRshw,"['drinks', 'Good']"
287,DDnmNTvIIQu2t3WZ2EQx-w,"['dinner', 'bad']"
288,o4DsvwwD2kIbF-EM4r9G8A,"['drinks', 'pre-debauchery']"
289,F-ZOeAK1v7e5Rt2Mv5rVMw,"['lunch', 'actual']"
290,P5a2hK5G64J7DcNwLAPhuA,"['food', 'awful']"
291,MLVKDbuI2xaOJQ4-NZj2MQ,"['dinner', 'next']"
292,R2IWbpUgJQ3NRRjKQy6O_Q,"['food', 'fast']"
293,V5QdxePG-pGPXVPHSLLM9A,"['lunch', 'tasty']"
294,DxUn-ukNL27GOuwjnFGFKA,"['drinks', 'served']"
295,d_8bMNQd0mesbEUeq1U2kQ,"['food', 'sub-standard']"
296,nfyqtEoufkhjv97IueK7Ow,"['dish', 'right']"
297,nXKwzVKJCtIGd4HxXgjdnQ,"['meal', 'disappointing']"
298,Agz-gMJfjCsK5tdKC6FBYQ,"['food', 'decent']"
299,LzNJLEIo4gh-X_rmDkNkNg,"['dinner', 'good']"
300,jQST5lkLGX9L52-A10TGTQ,"['food', 'genuine']"
301,WJ5mq4EiWYAA4Vif0xDfdg,"['dish', 'candy']"
302,JGpl_nv5hHKGEOdphj-9-g,"['food', 'Spanish']"
303,R8VwdLyvsp9iybNqRvm94g,"['food', 'good']"
304,6VRbbNQe5ouWmwsMebUMkg,"['food', 'indian']"
305,ItMihRR-t810HgctGofF3g,"['food', 'healthy']"
306,cof7qW-PD0M7Jykclg48oQ,"['food', 'better']"
307,FGTbFEyNmsPoDoD93T8iSg,"['taste', 'good']"
308,W0eocyGliMbg8NScqERaiA,"['food', 'bad']"
309,EWMwV5V9BxNs_U6nNVMeqw,"['lunch', 'great']"
310,KGX7O-_WqOIy9o7u9NOa9A,"['food', 'authentic']"
311,luCSjoNQ9q_0QIjKKOy2pQ,"['drinks', 'mixed']"
312,GlfwqH2dY3MKxrRirKeueg,"['dinner', '$']"
313,NAkRjPhS4yCD5trp0dY-bQ,"['dinner', 'enjoyable']"
314,qBc36uFI7orWS8NpYZCv_w,"['food', 'Great']"
315,UUssRgBCO_riWg3chbv9Zg,"['lunch', 'dollar']"
316,byhwHi0lhYdyY5kSpuqoaQ,"['dinner', 'rehersal']"
317,R3sbDS0YcJDedSmUjwE48Q,"['price', 'good']"
318,ujLZmyy11g1JHCQTxRA3Dw,"['dish', 'basic']"
319,zruUQvFySeXyEd7_rQixBg,"['meal', 'cheapest']"
320,1_WD7kvNQAbscw1c7CFH3A,"['food', 'good']"
321,3Df6ICj0rHROVH4xUlb7Yw,"['food', 'warm']"
322,xmjv8g356v8Qo55ICjG8rg,"['food', 'friendly']"
323,r3r_bAfa6pZKIhQB82FizQ,"['dinner', 'entire']"
324,Y_Y91oeUrIwYa18F8ey5NQ,"['food', 'total']"
325,29hR24tcAM3JZaXfA5xCxQ,"['drinks', 'ordered']"
326,l1kqHWtICTNk8TdCNisf5A,"['dish', 'available']"
327,X5QTGpPfqXFtmtizsGAksw,"['dinner', 'relaxed']"
328,M0Ulu3PzwBumgOZJL-6KnQ,"['food', 'exceptional']"
329,9Vu9KhK2-kBSM-FXvxXGNg,"['dish', 'favorite']"
330,QHyqYUZ0WdxHYPAenIuLjw,"['dish', 'deep']"
331,18TUn9oiW0k0yB6lheiOvw,"['food', 'much']"
332,d52zg-S0o940WUCK-nNiKw,"['food', 'Mexican']"
333,vwZ15OkVO6PemAe87k0M-Q,"['dinner', 'romantic']"
334,7WGBi29_vj_7RcPVxpLNHA,"['breakfast', 'Simple']"
335,OE5nAmaSVaopeRS1Cs9Kuw,"['drinks', 'well-made']"
336,PZv6SPORD9ivj4jwKvGgjQ,"['service', 'great']"
337,-3WVw1TNQbPBzaKCaQQ1AQ,"['dish', 'wide-rice']"
338,t_0576Esa58pcLHCEpj31A,"['dinner', 'casual']"
339,HIiVx2mseVWKtx8TKfWC_A,"['meal', 'full']"
340,XWvht_1ZLdK7EHJ3jo4q0g,"['dinner', 'romantic']"
341,NH67MdKaFGNcP-dlu56pyw,"['dinner', 'Impressive']"
342,IMGW6y8wHQCfr_6k-YXg_A,"['lunch', 'easy']"
343,ojjtPlnSmCX1zCzWL7JoNQ,"['lunch', 'later']"
344,Zx8_4zKdDBSO3qGrkukBIA,"['dinner', 'sized']"
345,ss5gVggeSmAgMUeL65UvYw,"['atmosphere', 'chic']"
346,TsmBNiwMMeb8aRrZs00JBA,"['food', 'good']"
347,Ih1TGSZyu2Q8htn2JA4tIA,"['food', 'German']"
348,xY1sPHTA2RGVFlh5tZhs9g,"['drinks', 'creative']"
349,XeoeF0twXRV4mUZJgIjc8A,"['food', 'inspired']"
350,CMTDZRDnv_O0rwAvRVbjvg,"['lunch', 'Cheapest']"
351,UIGFrEcoDsw05I1UOrxdOA,"['food', 'Vietnamese']"
352,jJhNOhuGpIsJX5SEUFFWYQ,"['food', 'decapitated']"
353,YxLiLBNTm4cOg7OlKKLmVw,"['taste', 'better']"
354,F8q_9PUl-Lwjj9xIRPArcg,"['drinks', 'bottled']"
355,XWpkTxBLgRXxl7g2Hw62Qg,"['taste', 'first']"
356,hzHyNCc3WijMVOzPcCuRJg,"['dinner', 'inexpensive']"
357,IP_1LeKBGA5HYzNQrGqJGQ,"['quality', 'great']"
358,mhQCxOiqp03qnhGRTtPduw,"['food', 'Vietnamese']"
359,tZXPhvufHhfejGrRp554Lg,"['lunch', 'scrumptious']"
360,tqDwpyCB53TiEIv915Tuww,"['dish', 'national']"
361,R1ySBCVS2eQf-s0Z4ifIug,"['food', 'bad']"
362,cN6aBxe2mQvrQlzk26LyRQ,"['dinner', 'early']"
363,1zDCfNgtfyh-Uw8j3JxhHA,"['food', 'Mexican']"
364,gUt-pPUpOVVhaCFC8-E4yQ,"['dish', 'favorite']"
365,4eFIVmbeCvJGCrhzmd-VYA,"['breakfast', 'best']"
366,IuAPYzf3NSyfyXYgT46YVA,"['food', 'ultimate']"
367,_FXql6eVhbM923RdCi94SA,"['drinks', 'great']"
368,duHUQFn7K-Ybs1rPI4AOEQ,"['food', 'other']"
369,oIkwj10HmUiognO68j7jOg,"['drinks', 'few']"
370,z3yFuLVrmH-3RJruPEMYKw,"['food', 'good']"
371,CFaRVxsnN4Zjf28cbORKIA,"['food', 'mexican']"
372,H7KzlC0-o1wIhlGg-Me5Ag,"['lunch', 'better']"
373,7cP7WFmWiTVh-raIL3N_Vw,"['food', 'good']"
374,d3MxUXS1b6U2P_gGuCO1-A,"['food', 'spicy']"
375,-fsCfTYEnJ4s6yStgBnQig,"['drinks', 'ordered']"
376,Zh_y9AmSfWZpR2JB9wye-A,"['food', 'healthy']"
377,eHC_xNrT1SkJyC2oncJlhw,"['food', 'mediocre']"
378,ut-kla-EA23nJOij_dcL0Q,"['meal', 'second']"
379,UL3OMN_c-NXHlyb97pDifA,"['meal', 'actual']"
380,AqbgC7Gul5Es1rRzGNLDFA,"['food', 'red']"
381,52QtjHlHoa7V611bOvv1aw,"['drinks', 'strong']"
382,24V8QQWO6VaVggHdxjQQ_A,"['lunch', 'first']"
383,BFZHdg2TRrgw56CyqkSryA,"['food', 'good']"
384,-9pVS__IliMA2aNEYzrQrg,"['service', 'bad']"
385,FUI-hWH_bpis7AKZTWenUQ,"['dish', 'new']"
386,jqZKv-7F54guDLalXEjHxg,"['meal', 'formidable']"
387,LxNehlnStQY_rxEwiPof_g,"['food', 'great']"
388,lVkDZZ8sTafPlq7f1i5row,"['food', 'vegetarian/vegan']"
389,niPFXq4r2mc0zFlOpWV3Eg,"['food', 'Greek']"
390,q-qjZDKcBdDRuIUxj7b97g,"['meal', 'similar']"
391,QxEUzbLfCTXF6gHWJegWgw,"['food', 'tasteless']"
392,Sodko0hlMg7F5doNJGKcWQ,"['service', 'bad']"
393,LRuIY8JFqadCSYLo242MGg,"['price', 'fair']"
394,GjvIDOEhdQB1oPrFeSpxBw,"['drinks', 'mixed']"
395,peA3F-PnIfijYr8HuG-A-Q,"['drinks', 'Red']"
396,tb24fvNJfHhyKEXkKn12Xw,"['quality', 'home-made']"
397,u-nMW__EKMYH_PVqacYc3Q,"['drinks', 'creative']"
398,mQ6_slsCd8-c8WFNtESnqw,"['food', 'Mexican']"
399,2E5iuTckRcbtJm2pC1tIlQ,"['lunch', 'quick']"
400,yOYFhiTjT-SM4spKtDk92w,"['meal', 'delightful']"
401,Rx9WPIaYCBquFBC563RjYg,"['service', 'Overall']"
402,mjoxSQR7bFQtlIIjfNfaSQ,"['food', 'fresh']"
403,CSoURupWEyuyzkjMOExKPg,"['food', 'good']"
404,I20sRbcEK8Ib1YFQFMoERg,"['food', 'mexican']"
405,qyqOfpsAC5ooVROm7fB0jQ,"['order', 'free']"
406,E2F25cRcYf_bWtvbCht0EQ,"['order', 'next']"
407,Pg8OPh1D2ws0xO-I-8ppoA,"['food', 'fantastic']"
408,XJc9Ueb3avGpYaj5Ll92hg,"['service', 'Great']"
409,eGevCRobYnA_HSj60sEWvQ,"['dish', 'Greek']"
410,oXKPSI-RUqOvmuSCh_DEQQ,"['dinner', 'nice']"
411,Zy2vca7i9QFGRKa4m0C__A,"['service', 'friendly']"
412,TqHTtjPANCBKGsjGBjDoQQ,"['food', 'fast']"
413,4waggbCK-MSE9dbIdSMfPA,"['food', 'amazing']"
414,FY_OXEVcewAQFZuu6fynLA,"['dinner', 'full']"
415,T4ox3wUzFjWvyrjaTRoBbA,"['lunch', 'cheap']"
416,5VMajxduxfLPSyQkVFKESg,"['dinner', 'free']"
417,DcrM4hwDcU2G6vuh2cnaYQ,"['dinner', '$']"
418,9dn3AMdwvD2KXnTr6AJY1g,"['dish', 'favorite']"
419,0yfN4bdKZfkFSXseB2kOBg,"['quality', 'good']"
420,NIuaxYvM_-dzmgGXwPJ1Gw,"['service', 'good']"
421,9x0rvR9SSX5mO1vUqx_hnQ,"['food', 'Good']"
422,trG1k-K6Nq4YKcexa1AGOA,"['lunch', 'quick']"
423,MFlkmsxlDloSiEd8SLjnAQ,"['lunch', 'late']"
424,OmxAvtMyIvCVm16NFIOOUA,"['food', 'fast']"
425,tS12t_uuiCGAryiNaRmF9w,"['food', 'heinous']"
426,Me6hKl5pjH2KCuxLZm6pzQ,"['food', 'fast']"
427,9YUe5J_cPCBo_mL7-z9HCQ,"['drinks', 'most']"
428,7pxa5tueoEcmt6hztqsz2A,"['food', 'great']"
429,o9nCXNC14VScabiy2bftgw,"['drinks', 'cheap']"
430,UxvOXcoCRFRAVhRB0D9imw,"['lunch', 'cheapest']"
431,3u7-xGwUKyGHkSexwBd9Wg,"['food', 'outstanding']"
432,muCl5p-9ut1sY0aKeUeRhw,"['drinks', 'happy']"
433,y3V2jqKmvWjyo9Mc-Ipn4g,"['food', 'previous']"
434,IFKTsVSSguMjLBA9mo0x0Q,"['food', 'perfect']"
435,7Vqrh77SOYwZ3_AOK-TTiQ,"['drinks', 'strong']"
436,Eeonj15SXvfR6kgvh8BOWw,"['service', 'friendly']"
437,6v0vQm3wXzaFoEywvpbnqg,"['meal', 'bad']"
438,rvHy0q0Gnqxy3G87BNluaQ,"['food', 'Italian']"
439,2bdKR3l4o-S1CscLqqnvVw,"['dish', 'favorite']"
440,gI4jThFNwy73SzaNvi-1dw,"['drinks', 'fruity']"
441,6ie9xvy2WW1pn7RuBvGNhg,"['dish', 'spicy']"
442,EKzMHI1tip8rC1-ZAy64yg,"['dinner', 'nice']"
443,EfmR4e1tmjC5_ZQOgfnYrg,"['dinner', 'romantic']"
444,9AbyBqGWHYZC73GlyAuTrQ,"['service', 'Great']"
445,ytpmoIty7loFB8kRYRtJHw,"['food', 'good']"
446,b4hI0x_vgagZyF_D-OqCLA,"['order', 'full']"
447,Y2Lfzulh_D9nNcuH49UT4w,"['meal', 'great']"
448,wEsor9I2DcyYoR3brlqIMw,"['food', 'Chinese']"
449,Ax11wyp-FudujeU9nejQbw,"['service', 'counter']"
450,VGhMTZyqmGmM4Lrn9i6yuQ,"['dinner', 'organic']"
451,ImVx220_Pcp2iB5uworODw,"['dish', 'own']"
452,fmuj7u1gflmEjW-h0v9bwg,"['food', 'better']"
453,WNy1uzcmm_UHmTyR--o5IA,"['lunch', 'Great']"
454,RIeWXLMHZQlYprYt1x2f1w,"['food', 'poor']"
455,8m08a9xJKmANwmeuR-0bPA,"['drinks', 'go-to']"
456,-h-q6zTIdPlkz9BDP11sBg,"['dinner', 'mid']"
457,i0d1RvC0RcjT53S-2GZsgw,"['taste', 'particular']"
458,6cy2C9aBXUwkrh4bY1DApw,"['food', 'Mexican']"
459,VsO_rhXi5lgbaGxNwoEZsQ,"['dish', 'single']"
460,roTWGaU-RcJ06l8cjFw7xQ,"['food', 'international']"
461,vfLog2bLJGl6hAFtGtr0GQ,"['meal', 'decent']"
462,GNZuoHxehd_3Kej7eXj8iQ,"['food', 'chinese']"
463,giyl3pyGo6sbvsnn94f4Hg,"['dish', 'noodle']"
464,OPKUjv6D5G46Lh2BHP20fA,"['food', 'Mexican']"
465,LMG0zsAkUSscIvmV9vvm3A,"['lunch', 'nice']"
466,W7xb2iS4cYL14Yi5LOGSkA,"['lunch', 'casual']"
467,WSHQ9qpL39g5xA3E5iBCmw,"['dinner', 'great']"
468,KBG28p3lGX17hOPoHhq5PQ,"['meal', 'creative']"
469,winRNt7prallDbpaDMS9Ig,"['meal', 'great']"
470,suivIX2e8mQKGvbMvbcm2Q,"['food', 'mexican']"
471,3NqERLqdtQSe0w9540rZrQ,"['quality', 'melt-in-your-mouth']"
472,pwpl-rxwNRQdgqFz_-qMPg,"['dinner', 'mid']"
473,KLaxBc83JnxyGf7GP7enYA,"['food', 'delicious']"
474,Xbxve72Hp5cWWj96ThGNtg,"['meal', 'entire']"
475,r3FHkf6lbmMUh3oPSrlIvw,"['food', 'Average']"
476,rVUEZpHQfWI_3kt0lBwaxQ,"['food', 'great']"
477,BESmH-lmMm34_EefL8X9fQ,"['food', 'Mexican']"
478,l-Xv5Kmg2gilJI3-DGVCqw,"['meal', 'healthy']"
479,1LSxfyNIUFbQb-Ej0FDGTw,"['dinner', 'GREAT']"
480,HDvCnqIf5twbMb5-eG1EJw,"['dinner', 'cute']"
481,jfDBaBgwINrGYAo8p2MJ4g,"['dish', 'noodle']"
482,4sW8Z6NLXLRkruSKSKUEUw,"['breakfast', 'perfect']"
483,UCid2Tas6K4SB9sHO9gQ8w,"['service', 'great']"
484,1oFvqm7eSpJbVpxpPxueaA,"['food', 'Dead']"
485,dcd3C1gWv-vVdQ9XYV8Ubw,"['dinner', 'nice']"
486,_AvHni-xdRHmZ3XfYHwGkg,"['dinner', 'unforgetable']"
487,3EEVGDngt4DEhoOQZIUNUw,"['lunch', 'good']"
488,GPAg6fpHEiYNDbd_QWTc8g,"['food', 'average']"
489,v68yAIw0gpn15xwtcR_rKg,"['service', 'great']"
490,1xu5wFd0TeBg6xNBiRtknw,"['service', 'friendly']"
491,GV1P1x9eRb4iZHCxj5_IjA,"['service', 'Great']"
492,_tkAI5Q5XQSfgbqJzDKSDQ,"['dinner', 'casual']"
493,gWQlTK3o29rZGlw2YLUnhA,"['order', 'double']"
494,vWnlScr9y2F6_ctDJZ6XLg,"['drinks', 'hot']"
495,Pfb6VOIiroqDWOebfgWGPQ,"['drinks', '$']"
496,3Q7vtF_cdHGyp2JOlKcu-Q,"['service', 'Great']"
497,Vn8qcaX64fkl8vByCsSvIg,"['food', 'Asian']"
498,s1IkTuTdWmPunObMizXxSg,"['price', 'great']"
499,NleiJA9dpfKjhxe0cCD1MA,"['service', 'good']"
500,dGcVT0WGenhh8Np76ta6AA,"['quality', 'good']"
501,w19cemjVR8u02PgjFpJ7Mw,"['dinner', 'casual']"
502,nvaAUTTl7oqiJDhuimNG6A,"['food', 'great']"
503,ytcm2DXuJWKPTqCtr6uJ4A,"['price', 'cheap']"
504,Xq1FtLSV54Spf-HfONc1aA,"['meal', 'huge']"
505,vwh496Ag4oRFgR6Dw3Hilg,"['meal', 'course']"
506,EuNV8_SReV_3KeET2Ums6A,"['lunch', 'quick']"
507,-sC66z4SO3tR7nFCjfQwuQ,"['breakfast', 'first']"
508,3YrW77yHkp3JIyTGYCS_Nw,"['dish', 'same']"
509,eXxULzJRIutN6wF1mQH2Tw,"['lunch', 'special']"
510,OdD1GuGNQ64ssJmMJ_D9RQ,"['drinks', 'mixed']"
511,I1rvqU2k5UQGo2lGdY6hyw,"['dish', 'vegetarian']"
512,2mcmuAvpNIJuV3gV0v9v2A,"['meal', 'average']"
513,27hfvE5DcOY3J1-MWbTU9Q,"['taste', 'funny']"
514,SDs4eWoV-cpJystzTAH0qg,"['taste', 'fine']"
515,WxpCYziMlEy8mrEa_VcB1w,"['service', 'perfect']"
516,c8XlQvVNwKhH9BOHEObtNQ,"['food', 'Great']"
517,tdeHd2AVYlEnz9F1UGb84Q,"['drinks', 'after-dinner']"
518,zG_wv69bsllw_PWhOmoAKQ,"['dish', 'favorite']"
519,7LGjM8HKJTwqfYU3C7N_0w,"['food', 'Great']"
520,8nRXiNdt_8-aePTlVxKqmA,"['dish', 'other']"
521,4rySWsfL5enT7t4XuVNJuQ,"['food', 'good']"
522,0nGjXTpUtpIJl10PL0eBGg,"['dinner', 'old']"
523,fF6m3qsD5blnwuZRuYhzWg,"['food', 'Mexican']"
524,NA3tQYxR6Fq5O8nV6u41Tw,"['dinner', 'good']"
525,C42yP2SAQyit92zVyRAqMw,"['food', 'priced']"
526,EWnSPExh_T5zTv6oMJOC5g,"['food', 'Chinese']"
527,t4pkeGscooStLjy-Js5Byw,"['food', 'fast']"
528,9tSHBEoAhKu-tkU8n6SKjA,"['dinner', 'green']"
529,TqVESkM8cDQdTC1LL3RUSg,"['food', 'good']"
530,UI8iKvzhGn2qZCGIqtQqrQ,"['breakfast', 'less']"
531,lnX2gaGdO0fNtykyFrp1AA,"['food', 'decent']"
532,Dka36Pw7ibbHV6xIimQAOg,"['food', 'good']"
533,JokKtdXU7zXHcr20Lrk29A,"['dinner', 'fresh']"
534,CV4DDFG6tII-ehzaWPXK4g,"['lunch', 'mediocre']"
535,4O8NrAHjO6Tb_Xa_YT-Xjg,"['lunch', 'working']"
536,yVQiGdxmnrkJDyQXv2maNA,"['lunch', 'good']"
537,bF7KQ6AQK5rBS7aOFKtlWg,"['food', 'Sure']"
538,qb4PzVr19bXXLBf71dd5kQ,"['drinks', 'Mixed']"
539,jEWfxxA_kjeJE_Z_ku3zLA,"['dinner', 'quick']"
540,LbLVO7yqAJGEQ1nK6rEvHA,"['food', 'Chinese']"
541,tHztlek7Ecs-5ZonXUATyA,"['service', 'best']"
542,XU5Fb3TosXDUJcNRWQM5cA,"['food', 'wonderful']"
543,wCi6nBXnXf5PAHqJZP9dqA,"['food', 'yummy']"
544,WbGyfSypHxJZPC18Kj5OmA,"['breakfast', 'UNIQUE']"
545,24OmQWFTnbfGv-e8GyEMAw,"['food', 'Tasty']"
546,AryNioF9fxl8RYGiIE7fSA,"['lunch', 'quick']"
547,hZRLGfRrZTo9up2P-0aAHg,"['lunch', 'quick']"
548,ZG4oIFBRlXyaF5F9L3dzxg,"['taste', 'good']"
549,vSWEXsXmJw5ozuF4zqE9ng,"['dinner', 'late']"
550,adPVJMkRrS8_3VHQKw5-qw,"['food', 'Mexican']"
551,uEW1NwL9h5N0zI2Ip9UKrQ,"['service', 'friendly']"
552,Mysd5IypHqTFkmHlbQeOyA,"['drinks', 'regular']"
553,ZEdaJ8mcMpPiFWgDuSPqeA,"['meal', 'vegan']"
554,Trar_9cFAj6wXiXfKfEqZA,"['taste', 'real']"
555,oiLe3lqMFaZtsSpRuIUChw,"['food', 'Mexican']"
556,1M4oczf2lmkdgbrJ3J7OqA,"['dinner', '3-course']"
557,StwBhPYVo-q-x1FccSmzwQ,"['quality', 'good']"
558,EmlgWjs1ZzZEpDjZCSPLmw,"['food', 'delicious']"
559,zOJdahdaaLz7DpfdIucslg,"['food', 'wonderful']"
560,xL7H-eMQDE-y23VL7MpLsA,"['service', 'good']"
561,XhdMiSn0b3O929YpjVBMHw,"['service', 'excellent']"
562,fd0iSXEhwz-foQdS8SCKYA,"['food', 'good']"
563,t4aP7ksa716XY6S4EsWFqw,"['food', 'decent']"
564,53YGfwmbW73JhFiemNeyzQ,"['drinks', 'great']"
565,BM0-dgPJMBMmcmO9PVCJfQ,"['food', 'Mexican']"
566,jj-K19oswZARMwCQK-b37A,"['food', 'salty']"
567,Cp6JGY5YIRncTV_My9nf9g,"['service', 'great']"
568,EHi-lebXGWjSktl4WvSoow,"['lunch', 'celebratory']"
569,mqQwChPNN4o4DhAzaGntIA,"['meal', 'guilt-ridden']"
570,UE4h9OXNzNInmxseAkUihw,"['dish', 'favorite']"
571,iJPG0GPcIirjOMlmzZWxBQ,"['lunch', 'last']"
572,wH9WtaTlrRawH_IpK90RPg,"['drinks', 'decent']"
573,uPDTnuR-sOi47blHH943lg,"['food', 'Good']"
574,uR2aNW75R4oYs9w7aw-_kQ,"['dinner', 'late']"
575,cVejKU_SrdbvzIbQ4oPV0A,"['food', 'Mexican']"
576,JRhbdbjWYsK0s3q2waoULw,"['service', 'friendly']"
577,tbrFsCEUuq2S5lraOln4nQ,"['service', 'good']"
578,nBfusVbqwul0BU0Rcrlelw,"['food', 'great']"
579,yQONzVpX-DEpGSuKMIov6A,"['food', 'mock']"
580,IwhkOh4fPsiU7TThIsz6Og,"['service', 'excellent']"
581,qwmHm3s8p7J12AIY6Co8HQ,"['atmosphere', 'back']"
582,Z_KjmNp3sMwodUBTSgFZGw,"['quality', 'great']"
583,cdwHgELA2puX2DNfwSt5EA,"['dinner', 'romantic']"
584,Tsff0UUVgrnawjI_xd2cKg,"['lunch', 'late']"
585,B54ozdLlH5ozkwnweskhYg,"['atmosphere', 'Big']"
586,ykKSshfa9ANCZCuvM2LaWg,"['food', 'mid']"
587,GAPqG0WNBBidKeZTMpEZ-w,"['drinks', 'good']"
588,JRzrqJmsQ5AZ4bMQLUfyHg,"['breakfast', 'wonderful']"
589,cLojUtqkFpVIHFEvA_5Atw,"['drinks', 'mixed']"
590,41j3GB7M-Lwq284Pfb9zgw,"['dish', 'boiled']"
591,VKNl2-aF4n1x7lPVyU-Mag,"['food', 'Mediocre']"
592,di2QHs2SrY0XFHcfAq_k2A,"['food', 'Great']"
593,QCxXYA13PtkD3wec47_r8Q,"['atmosphere', 'Great']"
594,FOfhEC6rN23RQaUlsR2byw,"['dinner', 'full']"
595,Nz_AasmpsQ8MLSqhCTRVoA,"['dish', 'eggplant']"
596,yTFdhqH9eLzaP05xXQa2rw,"['food', 'Good']"
597,OEQMqI-duBA1gbBFzi7BPw,"['service', 'good']"
598,nRO4tRwimU12hg7Cnz__iA,"['lunch', 'special']"
599,WyJRPTn2FCFdj2cYT9pqyw,"['food', 'Excellent']"
600,r9sGMJ084n4IS9eGmlCKjg,"['food', 'only']"
601,b-6GC5VpE3tHZTcWmZynfg,"['service', 'great']"
602,0_vMnSRqc5aZUg1eBk3l2g,"['food', 'better']"
603,8t80-omyflkywRfu9LPh6g,"['dinner', 'fantastic']"
604,s87D-mtAuJ8BluKgYYsXGw,"['food', 'great']"
605,zmjWXerSZlB0eRLxrKevYQ,"['food', 'flavorless']"
606,uU70AmVxV_OOgkumhUpu-g,"['dinner', 'free']"
607,3oZcTGb_oDHGwZFiP-7kxQ,"['dinner', 'early']"
608,FI4ns6iR4ZrhoaYjITf-Mg,"['food', 'Chinese']"
609,xIdyiVoX5woL8iKHYKoiWw,"['food', 'vegetarian']"
610,VsrvWdZL2993olnW3z8R3A,"['food', 'fast']"
611,NLVcGseUhgQdABs1mIYk8g,"['lunch', 'slammed']"
612,G9LwkTSdKOyOGqd5BbuIkA,"['food', 'Great']"
613,-wwJIaO7-diyEqxGwZKVuQ,"['quality', 'highest']"
614,IceZ4BtTz76eppjNWm-c6A,"['drinks', 'basic']"
615,IM-9thHqQbBK5tX5MfTzBQ,"['breakfast', 'great']"
616,bqktAhYfTOXp8lNwghu1BQ,"['food', 'good']"
617,zMa6YoEekpABg1HZnnTZdg,"['food', 'great']"
618,n4mfUCDXHsg0GH50HzJpug,"['dish', 'mongolian']"
619,jGldmslgIegQNM5kvb851Q,"['dinner', 'nice']"
620,rr13jM6SUmfPPPGHHMHCgQ,"['lunch', 'quick']"
621,fDZzCjlxaA4OOmnFO-i0vw,"['quality', 'irksome']"
622,pAHUC05ceak48e745i6G4g,"['service', 'Friendly']"
623,Xk3inJcuBGLhavUcdlINZA,"['meal', 'course']"
624,b3mfNkad2uxdlKLrS3hDCg,"['service', 'unfriendly']"
625,Shl6PtJERnowSJSC4IHbYQ,"['atmosphere', 'great']"
626,f7Xe9Xzoafhi_EY4xwEpSw,"['food', 'good']"
627,3OF6i6LTzRXpwNgodv7aeQ,"['order', 'typical']"
628,Cp5_NSJFNgylD5SUdmT8nQ,"['drinks', 'Cheap']"
629,wNsmt1hF1uv3YvbwXZMAoQ,"['dinner', 'nice']"
630,hqVbmZNLTdR2y7G7oJu9vg,"['food', 'great']"
631,vtQOervVVTXjhvSZQiZ6PA,"['food', 'best']"
632,R7YlKfLpoFDAJQB9hBcQJA,"['food', 'much']"
633,MEOC6ng0jPhQOX_BzEzf_w,"['dish', 'inspired']"
634,L8STRioAgDx-_FRFuuUU2Q,"['food', 'good']"
635,oMw1SaH_zEbOOufTsGuk6w,"['food', 'much']"
636,VpSiOW1PapVmZyyRBK_GBQ,"['meal', 'great']"
637,bZivzFTkkjNtUBSuMhoCtg,"['meal', 'favorite']"
638,RYZ08XAToBaN-bS5HHVEhQ,"['food', 'great']"
639,7LuKiasIyGUEo7uipN10Eg,"['dinner', 'early']"
640,ChmqODwuYP1ewjmWXtxtsg,"['food', 'Chinese']"
641,F3SEkW6v2LJ5y6Ldo5pPaw,"['food', 'Great']"
642,xI0UZH734lJtm39DbLf-Bw,"['food', 'Mexican']"
643,xdwPHc25l7_roZ9Kfea13w,"['price', 'same']"
644,weCbIA8mCkVw7zmxPNT5sA,"['food', 'restrant']"
645,KS2w8ychyieJbUqRa6kCHw,"['food', 'good']"
646,Mng1FUcW-xRSdsDkowQm2Q,"['food', 'made']"
647,HEI4WFai9zoixD5GhCnbeg,"['food', 'Chinese']"
648,FFHzFdyWgM-OdMghuXMPEQ,"['food', 'delicious']"
649,5jazn-RZP2R6ZkCIPZsf0w,"['meal', 'healthy']"
650,NWtC07BxIqQp76kugbvynA,"['food', 'greasy']"
651,zXg2O_QnpHQVD7e1azAu_w,"['food', 'mexican']"
652,7QSYBp2-AOdyUJXEaLnbgA,"['food', 'mid-level']"
653,VpW40mznMS43CqdbelX2wA,"['food', 'good']"
654,TehSM5JrMRikSnjnnfulbw,"['lunch', 'pleasant']"
655,Lo0dRIDKXc5mlE-coVZrtQ,"['drinks', 'soft']"
656,nts2OALwvyvfNh9focRZ3w,"['breakfast', 'favorite']"
657,djYFLq4Bkqpkd14-0IJfug,"['quality', 'frozen']"
658,qVWR4NHU3NXlEIaCy67g2g,"['food', 'Chinese']"
659,Y293fHh5SZ0_9BZm4M6BCg,"['food', 'great']"
660,OuGcrCgeTBrJnEGvLZ3JvQ,"['food', 'good']"
661,9BOeSWUvmh4rRhpQNgrdqA,"['quality', 'same']"
662,mQUC-ATrFuMQSaDQb93Pug,"['food', 'Great']"
663,mxrXVZWc6PWk81gvOVNOUw,"['dish', 'best']"
664,FKbLmiEDKqDolWzMXeusUQ,"['food', 'Mexican']"
665,7YYD_agS3Kb2sAx9JPkQEw,"['lunch', 'great']"
666,mQfT3JYu18HN22DVylcE7A,"['breakfast', 'delicious']"
667,asebFFgabg_lfoNpGJHZlQ,"['food', 'good']"
668,RQWliUrWic_b5FZEj3JThQ,"['food', 'Italian']"
669,BRhKD4BEMg6NagsD3z-0YA,"['drinks', 'mixed']"
670,0wRPvS-sG5x-pEMKVuDBJg,"['service', 'excellent']"
671,qfFSS0A5OXUkCbTeC1fYLw,"['service', 'excellent']"
672,01cEFI5Pq_RyEwM3GSTopQ,"['drinks', 'pouring']"
673,rK9wysMZ3nh6b6dxiG-l_Q,"['food', 'top']"
674,onwUqByAIhtkyJsEITV5lQ,"['price', 'full']"
675,jnzROxEjNkgeo5Ju3F8qzQ,"['food', 'amazing']"
676,DDg0jSO9C8_FdOIcEq4dDg,"['price', 'full']"
677,4DhqZ0tyi2V2Mp8IqTREAA,"['atmosphere', 'good']"
678,R2FuwuSjmyvzNWNfqzKUvw,"['food', 'delicious']"
679,o-OV2LkJxpcCHmI_d4TZiQ,"['food', 'great']"
680,EOCQ5E0lakUyBvUH0L9--g,"['food', 'Hawaiian']"
681,xz1fQwwVAhqA9MsmMaGyZA,"['food', 'Mexican']"
682,s1dex3Z3QoqiK7V-zXUgAw,"['food', 'great']"
683,It8Q9-l1EEtTr9NPpTgGPA,"['meal', 'full-sized']"
684,6SMQl2vR37HvjYWwSl1V3w,"['food', 'Good-quality']"
685,mwiNm868yAo8Xh8hO7Ke_Q,"['food', 'cajun']"
686,KTF-E3NfkJy2wiwcgOPyVQ,"['lunch', 'late']"
687,TMZP6Kzkc-FytzgbgIC9JA,"['meal', 'whole']"
688,x_mxrJALBi5No9CxRswEaQ,"['food', 'Mexican']"
689,SDetUVwhaCPGkQYqmUak6g,"['dish', 'curried']"
690,maB4VHseFUY2TmPtAQnB9Q,"['food', 'Good']"
691,MY0_6BAzQCu4sqXqwNEFfg,"['food', 'Good']"
692,GhhpkAkGl4JE_M_Szwegeg,"['food', 'much']"
693,mW1gB2DmBe__AEVgCoTgjw,"['food', 'more']"
694,xs1LHeJy78u-7taSEnQ2Yw,"['food', 'much']"
695,Cse5FvYuACIxljwaac2SZg,"['food', 'great']"
696,oJpmYvLibGrYPDvcaUeMOw,"['dinner', 'unpleasant']"
697,10BgGvCMDH-JbYsg8KRLRg,"['breakfast', 'warm']"
698,bgTB6MgdVQssXhkNJ7qIfw,"['drinks', 'unique']"
699,5KG0A3WlC7K3DAXtrIFFjg,"['food', 'Asian']"
700,3Zsjlum5kl5N5KV712aTMQ,"['dinner', 'nice']"
701,2VpSPb8IVXNqyVY5n7caGg,"['quality', 'usual']"
702,6PFPQeCM-XDrZRy0DHV2Yw,"['food', 'Chinese']"
703,L_MtTn4IUBTmQtqqM2iFqA,"['food', 'Vietnamese']"
704,FURgKkRFtMK5yKbjYZVVwA,"['drinks', 'mixed']"
705,q9WaFYhlOZCrfXJQTG5t_Q,"['service', 'good']"
706,KV-yJLmlODfUG1Mkds6kYw,"['breakfast', 'free']"
707,Bjt3rB73dvSDe1XEPEWc6w,"['dinner', 'good']"
708,Fo5O94HccxE4PvMQf-G_vQ,"['atmosphere', 'quaint']"
709,Dim6R6ki5Z_05bk_V1htbQ,"['food', 'better']"
710,_dVPzYGXKNg2rIsc40VtyA,"['order', 'correct']"
711,fPExBO1aXA5c4uwlHFyx2Q,"['food', 'low']"
712,gHKB66up5VluCWT4vuSZpw,"['dish', 'amazing']"
713,WM8sy8FjrU3PpxN_NI02ZA,"['dish', 'basic']"
714,CNvPqN9pa5aJRn-Npcqgdg,"['service', 'such']"
715,UScgPn6pIHuOmQJTsZQIOg,"['drinks', 'interesting']"
716,DuaoskPAVBV55px_cwxIVw,"['meal', 'peaceful']"
717,OmJ283Un9mAbr_gc7v4N4A,"['dinner', 'take-out']"
718,aBjWR-Mol58GMsRAdz2Tjw,"['food', 'Good']"
719,oxsCvEkQNNIbOPDt_QK_0A,"['dish', 'other']"
720,UeWr0eT1KEoMSYwf0vXIKw,"['food', 'mexican']"
721,2rMf09C5uXzF2qIlD5F5BA,"['lunch', 'late']"
722,PsKAMRgeydy54ytW8xWKCw,"['food', 'Indian']"
723,AMwr-IwwaamJ2l3Z8yce6Q,"['dinner', 'friendly']"
724,dipzJ5BExpm6BtJ91mXd4Q,"['dish', 'traditional']"
725,24qSrF_XOrvaHDBy-gLIQg,"['food', 'Cajun']"
726,k76odRRsXPErPzB0gjn-3g,"['dinner', 'early']"
727,wN_wAXWg8W94v04eqijy6g,"['lunch', 'awesome']"
728,lAGDe38li38fyf971CslFg,"['dinner', 'Peking']"
729,SX0pCDRvuTEoXobTovJEIQ,"['service', 'great']"
730,yJMLD-6AggZNdC-GonVBsA,"['dinner', 'special']"
731,jgWAgT7LWPTf5wju9Q-kiw,"['food', 'Chinese']"
732,9Ep4sguv3HH_8lWyzSogjw,"['quality', 'top']"
733,6NAOp61ozWlO6KCxTlgCkw,"['food', 'fast']"
734,H03D-h5UwPXOv64W5Iqn_Q,"['atmosphere', 'casual']"
735,5-X03Zc0nN7U5eoe8uFUdw,"['food', 'Great']"
736,DlCtdbceo4YNSI53cCL2lg,"['dish', 'flavorful']"
737,gkv2XvXpFgiq4Bb2XK7YmQ,"['drinks', 'overpriced']"
738,sNuyncpQdcvfEpfZS-3Yew,"['drinks', 'Soft']"
739,i41M_To0DAxuzZIGvU1wyg,"['food', 'abysmal']"
740,XNSito__Fne14TXU0vz1Qw,"['food', 'good']"
741,TuCAYZ89lP_s6D7Y78xNhQ,"['meal', 'first']"
742,GfMRsE7rYqNyfC6wUYZkzA,"['food', 'good']"
743,KgTb63IZHFn_rhLG-cpm_A,"['service', 'drink/music']"
744,I7IfnWW1nXljC4ZGqwPe-w,"['food', 'mexican']"
745,2OY8xs4aqOt8eTnYokdrww,"['dinner', 'amazing']"
746,fMcI0fOLmUwSvgVCmGA9Rg,"['drinks', 'great']"
747,pQAIM21Yw4eNdbha2Rxkcg,"['food', 'great']"
748,YL_EiYALmGUd1lm5HZgL3w,"['food', 'wonderful']"
749,RLjA7TBXJfyqDfPuVCcrtQ,"['dinner', 'nice']"
750,UWrB5H3G-hhiHMy3iKV2ew,"['service', 'Great']"
751,VGvieeQwktJPxLMq6I3tkg,"['food', 'Italian']"
752,bDR6kF5Aw9guBkaahSAchw,"['service', 'quick']"
753,MAfc2V_EVtyR9rMxxEAPLg,"['lunch', 'pm']"
754,J3INwTy4KZJ8aJwVoOqAJA,"['taste', 'reminiscent']"
755,_RBUU1y4yJrK0SPAd8z0-w,"['drinks', 'strong']"
756,IdnYOlL9aDfMu_S2kcaUkQ,"['service', 'exemplary']"
757,0K634ehk41ZRc4kj3NTAEQ,"['dinner', 'last']"
758,3g2ofV7mhEoPyfF7vFMObA,"['drinks', 'cheap']"
759,FkFjSrQx33Xn3yC-IUNjUQ,"['price', 'decent']"
760,ttLtsY1S2Angj6hvEdzwDQ,"['quality', 'higher']"
761,C0Oax-LBEFf0mmPSugymEQ,"['food', 'Chinese']"
762,sMO71vGV8wkKujOle3-v7g,"['dinner', 'quick']"
763,-_Ke8q969OAwEE_-U0qUjw,"['dinner', 'whole']"
764,Pju_pKfvEnUYV9wMVNsacg,"['quality', 'better']"
765,NDKkce5Au-o_OhIt5f2ZBg,"['food', 'Japanese']"
766,sbjb1qNUcqQomJvcgPuJCg,"['quality', 'standard']"
767,2FudHUhV9U54dm0S1ePuCw,"['food', 'good']"
768,MAXKQMjuOQ17EAbKoTfUwQ,"['service', 'great']"
769,_yW2zLQAmqhj2m7rBbpFPw,"['service', 'friendly']"
770,nInabwjYRoTe8nc6X_dYkg,"['taste', 'same']"
771,fRCZktDIBu9-uJ1wOYB3bA,"['price', 'half']"
772,QzXFdjIbFRGhzL83goPPLA,"['dish', 'simple']"
773,kEyCMHBnohaWc81omLDfYg,"['food', 'homemade']"
774,0kZ4aYmqf5fzTt9Yvz8Kvw,"['service', 'Good']"
775,PlcCjELzSI3SqX7mPF5cCw,"['food', 'Great']"
776,bzDs0u8I-z231QVdIQWkrA,"['lunch', 'quick']"
777,8T8B_xK10FuO6MBOFcVQ3w,"['food', 'fast']"
778,GeHwru6TVDyVErFc92Nn2w,"['food', 'Good']"
779,YxMnfznT3eYya0YV37tE8w,"['food', 'frozen']"
780,VSPuvNSDUvlTl670lVAkkw,"['food', 'Great']"
781,14K90G-hbfk795NY7cKxMA,"['drinks', 'few']"
782,RtwOc-n_RkiUuDGaNfCsNw,"['food', 'greasy']"
783,JW6fDZOuUKtJyZGeldh0xA,"['food', 'fast']"
784,TgxDGx7L_JICWbuBUCGVqw,"['lunch', 'unmemorable']"
785,PxeX1M8WtyPxX1MuuGIh-g,"['breakfast', 'hearty']"
786,-6O53B-ksqSKzWM6Y9moEQ,"['food', 'Quality']"
787,BpSLpzq_NRYghGSsb10G3A,"['dish', 'overall']"
788,qXQ3ZBdwI3GlbR5-eYWqNA,"['food', 'Greek']"
789,JiLK9QPjd53pOBEAaY83lw,"['lunch', 'special']"
790,qfDYECGmZmc4ofVpXNyFJQ,"['drinks', 'ordered']"
791,MAFjNfDWJRgWCw8IOC7mew,"['food', 'unique']"
792,L2J3JfjXZLnX1rLhWKthqA,"['dinner', 'nice']"
793,Zg-C1aYcoR2L5OIrA01MkQ,"['food', 'good']"
794,cT_rocMh92B9t62Disp6gA,"['dish', 'same']"
795,fVgrpVyp-nPLTac9YIjTug,"['service', 'amazing']"
796,rQ4z0EStSZE4acgkne6Hmg,"['dish', 'definite']"
797,sb4wU69LkCtC6Axqcd34WQ,"['dinner', 'priced']"
798,e34tIpveepWkpvOuv_boqw,"['food', 'excellent']"
799,lhRUPA28pRIN1MnllN-o9g,"['food', 'delicious']"
800,VO13q-11lh7St1gd7JPI3Q,"['food', 'mediocre']"
801,7TMf1NuuAdvhG7IojZSKnw,"['food', 'average']"
802,JMZfcwARQ68n7GGsqmtdaA,"['food', 'great']"
803,gFGldPLVQdqbHQodU5TeUw,"['food', 'Chinese']"
804,WixkMVXXFCx-lYsr6JoF6Q,"['food', 'great']"
805,qTx2IZG66_B2US3L_4TnDA,"['food', 'fast']"
806,SgTjnyElc26gPUghVuCuSQ,"['food', 'tasty']"
807,h1kwVr1eTpBK0rWfcm5QSg,"['dinner', 'lazy']"
808,NQhPkGeHiljeg7tXPTHJeA,"['food', 'fast']"
809,wZwZcte4lcbu51NOzCjWbQ,"['drinks', 'mixed']"
810,2e3v5rl80j4pI3L2135xYg,"['food', 'blah']"
811,sDozh6iTylTJD26d7xcgGw,"['drinks', 'cheap']"
812,1Duul3qCnLrNak1Np-iHfw,"['lunch', 'vegetarian']"
813,fJ5raoVcN-nD8vFswMFXzQ,"['food', 'Excellent']"
814,noLH_u4MJzfXYYHqcByjnA,"['food', 'Great']"
815,Yhfp_vgnh_GirZGeVhj7Gg,"['food', 'more']"
816,VbXy3tH5RAu7HjT7VeMMgA,"['dinner', 'B-day']"
817,3jqOv6re-xPYOg7srmi7tg,"['lunch', 'great']"
818,e8Eke5v8pXw-PuRCu2uPjg,"['dish', 'bad']"
819,oSDf6BHiMlKGZdFFmIo6NQ,"['breakfast', 'Best']"
820,MhH1kl9faN3RvIO4ptumTg,"['order', 'half']"
821,oCA2OZcd_Jo_ggVmUx3WVw,"['food', 'good']"
822,wOvAbdVYDaguotpdSALsfg,"['food', 'Average']"
823,IoFggnoj1P4EcmNEP2K6Ng,"['drinks', 'non-coffee']"
824,W4lcMQudkcx7sTabnWaOqw,"['food', 'fast']"
825,bOB11LVavtN9PWTNwR52Tw,"['food', 'Mexican']"
826,d7V3ykQHqChv0KtXEanKLw,"['service', 'Slow']"
827,CqKiF2X0_4erH02-CUiweQ,"['food', 'clean']"
828,PwxvN0SnAGPdqXdNEYVT3g,"['drinks', 'Interesting']"
829,1ggcLvWPBDWnp5MVTRnoRg,"['dinner', 'whole']"
830,4-qDkltBuJ_Lbj3nyxvUlQ,"['service', 'bad']"
831,W1Fop9T-u4RGuF36DtZ6ng,"['food', 'Good']"
832,1mhywrdsgdqJM3OGZIpVtA,"['drinks', 'few']"
833,jCUOqEK8Lln0PK3GeUl6IQ,"['drinks', 'unique']"
834,I2_yeLfTzXHGwi8an0tL4w,"['food', 'great']"
835,EMGkbiCMfMTflQux-_JY7Q,"['food', 'Awesome']"
836,lk-6NXfpSgvNw7zm0xtUVw,"['food', 'good']"
837,apCfJVnRyaw6oVUBKujpUQ,"['food', 'Mexican']"
838,yeLq-452CkaKw1ynn0nRNw,"['food', 'Italian']"
839,_oBxfuBd2qDEWaYsdvP_dg,"['drinks', 'soft']"
840,cfy-C6XNFt-F-dCQfK7EDQ,"['lunch', 'special']"
841,shCdCHRbnY5FTMJbWl-myQ,"['drinks', 'good']"
842,hHE4OHAc8dONTV8QsGLbWg,"['service', 'great']"
843,GDmue1oJaem9ilywDtA4_A,"['price', 'full']"
844,fK7ujDbjhRFEe2D7eIwK4w,"['food', 'great']"
845,3N__CAwM5VZOhRKmxMtImw,"['lunch', 'quick']"
846,zOCdVUKUN3b-obT67Qjyww,"['food', 'German']"
847,BdSY-BHmH0BCCv47mOOS0g,"['atmosphere', 'great']"
848,HKr_xfeyrv2Bh7urZsQEVA,"['service', 'lousy']"
849,7XfT2w9Eb2Xbu-iP4xulPQ,"['food', 'priced']"
850,45Vj6a0LX4B2a7loTJyb4g,"['dish', 'only']"
851,vlKuU9Jvo88EuaYQodElQw,"['food', 'rican']"
852,9VYZA4vEKtT_SXHj-ZK_1Q,"['food', 'Japanese']"
853,R1kKjAO5kZO6d0gQGqrvGA,"['food', 'fast']"
854,t30Ua_mSiClnpBqud84ygw,"['food', 'chinese']"
855,qgJZUKNVY-LbGKk6XEP3JA,"['food', 'Mexican']"
856,pa_Ft6pLLWo-w_iopBsu0g,"['meal', 'Chinese']"
857,qcylQLL-fXdFHrdXC2jZFw,"['drinks', 'poured']"
858,TfTlOE6h9E9o34dEkw9L_w,"['drinks', 'GREAT']"
859,yYbd9P1KmlPSKmQxo68n_g,"['food', 'terrific']"
860,RmA5zN-Bs89lsTuY6v8W3Q,"['food', 'mediocre']"
861,8kunNClZ1AD0Rj5bDiFdrQ,"['food', 'delicious']"
862,Az69nueCy94SVKkWaNNR0Q,"['dinner', 'lovely']"
863,r-a-Cn9hxdEnYTtVTB5bMQ,"['lunch', 'late']"
864,4pC4jMoanLySaOgGRwyXLQ,"['food', 'best']"
865,KIgkwPEOxbfdeCk0ltycOQ,"['lunch', 'quick']"
866,TwMfahsPHFnkLiqqvyalAQ,"['food', 'good']"
867,drqCrnSqtGffJ1z60aWkxg,"['service', 'bad']"
868,ggBkO170QkYZAezFGMKYjQ,"['food', 'good']"
869,5tey93wPQOb7z6jOLJZ30w,"['drinks', 'Strong']"
870,flUKBy7WHqYdfOrwU1A2SA,"['meal', 'favorite']"
871,Nq7eB1wB2EArUICtiNePvQ,"['drinks', 'worst']"
872,JxVGJ9Nly2FFIs_WpJvkug,"['meal', 'good']"
873,cOUS79i4vltKIc_hy4OZBg,"['drinks', 'exotic']"
874,fb9eLHJ4S--TyXsarJJo-g,"['dinner', 'big']"
875,J3VvIU1ZDqg9a9e7zK-QSQ,"['dinner', 'Mexican']"
876,MYj5f-QxtGeKlhVVx1RD4g,"['atmosphere', 'cool']"
877,BtX9mA5dYDzULGVPC4-I-A,"['food', 'whole']"
878,e5kc0CQ4R-PCCDgb274gSg,"['food', 'decent']"
879,mpdl2_v3MDJVzTaxvlEGTA,"['drinks', 'best']"
880,_GS1R0LTwr6h8rMWY_8U9Q,"['food', 'most']"
881,QkyN2vqQidQhotvOtPIrkw,"['drinks', 'good']"
882,WfYQE-MZCQb_BOyW7lWh9Q,"['quality', 'good']"
883,A5jJS6lNQbJXjPzBkTnjNQ,"['food', 'Good']"
884,X-dpycbo5fy8AyoHCUCryA,"['taste', 'great']"
885,xHI3saK0sAJEHeMK4IGVvg,"['food', 'superb']"
886,Dj4glvoFwKypLjUr9F01Sg,"['food', 'Great']"
887,zoHCkEiIKfXiLTKUqKEojQ,"['service', 'good']"
888,Eq3gzgiRIGYtubbZw1mDlQ,"['food', 'American']"
889,JUlwoai_WikznIEQ7XCENA,"['order', 'own']"
890,sYZt3f1YFlg0ycDMyO-vJw,"['food', 'Typical']"
891,jbKVbSz51F8IcewsiRQu4A,"['food', 'Chinese']"
892,nDHyino_t7O94ZzRHGUApw,"['quality', 'highest']"
893,47A3pWsdYNhFFy9gUEVcYQ,"['food', 'delicious']"
894,qiFTZ7aJz-FXt1wz8YigAA,"['service', 'Good']"
895,jkULHBAZBM3s5DQJkM-6RA,"['food', 'delicious']"
896,cc9KFNrcY9gA7t9D1a3FpA,"['service', 'excellent']"
897,Sqr_te9U9Y6RpnmBx0iYNg,"['taste', 'sour']"
898,0vzZ_Bcb02rJljeMU9XkBw,"['service', 'bad']"
899,NYIyTj2AZJpAo7XIM-Z7lw,"['food', 'Mexican']"
900,WiAY7lyT-DC7Zk3StMMp0g,"['service', 'awful']"
901,zWl6V8-L6m9Xfmpq_MqkKw,"['food', 'mexican']"
902,IWwt0vm8lYbVoyGSPd2Z9A,"['food', 'good']"
903,ufKmcpK6OTaWzeBGWNOa8A,"['dinner', 'great']"
904,YJoph5UiUZ3BEb49vyFAuQ,"['food', 'better']"
905,9Qt1pt0pk2VWz0chdGk-jw,"['food', 'good']"
906,cQZcWeIDKEF-7nWU3gJMUw,"['food', 'real']"
907,MdwoM1Qf87nmdA6Ma6tnMQ,"['service', 'Excellent']"
908,NlxvN9wUw14qIS6ledk15Q,"['food', 'Good']"
909,a8yzGF79KcfyRye2R6wt3Q,"['food', 'Chinese']"
910,9PrgqakLyqlxTTqvvfYNyA,"['order', 'only']"
911,He9Dar4bk2vyeiPC7TkUgA,"['taste', 'bad']"
912,eRb0wjIVlj0bbfmePKZLng,"['atmosphere', 'great']"
913,-hWSt4JO2zT7zd7QzLZY9Q,"['atmosphere', 'Friendly']"
914,8yxuxxKHRtyIzwE4cIVRiA,"['food', 'Dried']"
915,VRxelK__tuQD0KBxx2LzeQ,"['food', 'average']"
916,pzPbg_B2uSVJ72LIa2G3sA,"['drinks', 'few']"
917,ADJIoHN3uLx-JalYl3r3Dw,"['dinner', 'early']"
918,jFfrM1y-L1icUZXjBpxmeg,"['meal', 'best']"
919,BojnLUPz5IzZKyQocGc7uw,"['food', 'Cuban']"
920,t54zAs7IftAVb9SKcCRotw,"['food', 'Greek']"
921,km3g-wDO2KfhfnTvJrLJig,"['meal', 'traditional']"
922,Kur7YGwuw6CqnqEypNrOvQ,"['food', 'prepared']"
923,0udEgNqy5rLR5pZ4kD19Og,"['food', 'spicy']"
924,LGAmOIbwXPgC5z87vI5fcw,"['food', 'Asian']"
925,0ylC0tsPUY3yaoXRaCDL3Q,"['service', 'Friendly']"
926,lvpXyfTDF5WZnjzc36r5Wg,"['drinks', 'outside']"
927,tfVKzEDu8XYyP8KO1dsNvQ,"['taste', 'livery']"
928,XbVqzUHS3c9FhG4lI13c3Q,"['food', 'asian']"
929,Oc-F6O91vOe3T8iOsCBB8Q,"['quality', 'recent']"
930,QdbZyl-LWFS54u93Vjd5SA,"['food', 'Amazing']"
931,0dIChGWBs9ueUXl0hhkw2w,"['food', 'AMAZING']"
932,4WcxnNv_lzCIG2eb8O5Mlg,"['drinks', 'mixed']"
933,xfk9eY8gmwn8qsbyd-W6lQ,"['service', 'Decent']"
934,Cz0McL5lUaihqOIw0_Yo7w,"['quality', 'special']"
935,qb1o61d_qrwEpxAm16dZCA,"['dinner', 'Mexican']"
936,h7hr0v3E1ulU2sXNItD5UQ,"['food', 'mexican']"
937,VZG8spL8Tqffg9KYbBrDvg,"['meal', 'same']"
938,4l3eeM1sOACwdJAz4UyIPQ,"['food', 'chinese']"
939,UdXn5e3o_biQoUNv0L-RYQ,"['service', 'Excellent']"
940,E6HzAdx2vyZVyuNoa4-Xaw,"['food', 'Great']"
941,Uov4o_7gRqQKQyjVhWOpVA,"['food', 'average']"
942,MLcXtnpzygZvQ9BtseLLlw,"['food', 'mediocre']"
943,3UMcsN9IjoeV8JZvC4apag,"['food', 'perfect']"
944,EFJAVVBQQqftuqY5Wb3WtQ,"['food', 'Peruvian']"
945,zonV2F6YNVn2_sI5dK82eg,"['food', 'Mediterranean']"
946,wepFVY82q_tuDzG6lQjHWw,"['lunch', 'quick']"
947,To5CjntVFawXM_hpAhvVdQ,"['food', 'Italian']"
948,wqIB7hUTQnCswJV4UyYyEQ,"['lunch', 'little']"
949,lK35BgpjOMXwchPzqYWomg,"['service', 'polite']"
950,Tt6DYs0TyERWHWW5xiRL_A,"['food', 'amazing']"
951,BJfjd8oEMW_zq8KTkixyig,"['drinks', 'strong']"
952,lNlVwSKqaxE7agiGKfCaAQ,"['quality', 'average']"
953,CdOb17NMdQpagyHSxv5mHA,"['food', 'enough']"
954,eJpr6Ks8pr4bmvDVPTN-Xg,"['lunch', 'health-conscious']"
955,nKrK1aK2uWtL57Q3ShH6Hg,"['quality', 'great']"
956,nBrD6TxddhHx4FhMk32JvQ,"['lunch', 'easy']"
957,jtzhY-P4H6WSYpv5rWhxtw,"['dinner', 'actual']"
958,sM7kdQ7lL7-oe3DNaJvGrQ,"['food', 'favorite']"
959,CO8UjN6WXsDJqo5qJx8nFA,"['lunch', 'solid']"
960,iRg16D8dWjmv70NF68kgRA,"['dish', 'next']"
961,Cv4kZH9zN0wpN2Drn0qkLg,"['quality', 'better']"
962,bfDQai9X59uWK-XgP0t6rA,"['dinner', 'good']"
963,mhLN_oiJd7zq6eaOS1Nw1A,"['dinner', 'special']"
964,28ycqW56i70yM_C0ejNv9w,"['food', 'good']"
965,XBm9ffI2pK-A_HcoHXAbcQ,"['food', 'greek/mediterranean']"
966,TQhP4vCMjvX527YMxPfuUA,"['food', 'great']"
967,hiXt1iC9nJh3--kz80zRtA,"['service', 'good']"
968,8H1DwdAAgSBtwDeb2R-hmA,"['food', 'Great']"
969,GzWiVvE6JDdBNowNVshItA,"['food', 'German']"
970,ST0fLT0ZDqKNUxeY0unV8A,"['food', 'great']"
971,g9jX2oXQr8zrOQgynYnYjQ,"['food', 'delicious']"
972,fjAQGf-iJlVjD2vizzuORQ,"['drinks', 'great']"
973,ghzksdgNztTZA49PqMvPkA,"['price', 'fair']"
974,S7f-B7KNSTU_akRQGeft6Q,"['lunch', 'tasty']"
975,H010pkpCls0M-mjIzSCVlQ,"['quality', 'best']"
976,hNVcBhJSD5HyLKMf_Z7TaA,"['food', 'Good']"
977,yKbXWo_6VlS3mD_RcPquog,"['lunch', 'short']"
978,G1_uulnhkAUBsaMAlJFc_g,"['dinner', 'Italian']"
979,A7Soqlerr3L8mNq3YuIqAA,"['order', 'to-go']"
980,NB6o73F05lw23zpC79qoUg,"['drinks', 'own']"
981,XLqnjlLYt0_q_NG7l_BpMA,"['food', 'fast']"
982,jqbrMBRsByyVBm8OoQ9dWA,"['breakfast', 'good']"
983,ewZlgc22xN5NNQ1H7U6Y7g,"['dish', 'popular']"
984,xcOncADGPr9eki8OU5Ln7g,"['dinner', 'great']"
985,lem7XGgKM5a4pAgop2mQqw,"['food', 'mexican']"
986,15JZ0ME6eOtShdLctzfR6w,"['dinner', 'romantic']"
987,waOHPeROjKPz-KXqlSsoWA,"['atmosphere', 'romantic']"
988,TQNDCD50mkXwySB_qXmrXA,"['dinner', 'special']"
989,rRaiIoDbmPt1NzFxL_1vsA,"['dish', 'favorite']"
990,enbTOcl7WNgsjsAtmhvDRA,"['food', 'great']"
991,E28ht8IEiO6FZbKktSo0Xw,"['taste', 'poor']"
992,zSzE4rW9FE3fGqiEzZ91Vw,"['food', 'better']"
993,VXIkI9_EbDbYHeO9IzKjJg,"['lunch', 'great']"
994,tpJjVxyor9OOQfYgvAtdRA,"['food', 'nice']"
995,dbh72sNyNeHUgJqQye9Vbg,"['breakfast', 'decent']"
996,-O7H5LhBkE13VQZB0QZI0Q,"['drinks', 'frozen']"
997,rbeBreN9KOWipTUQsmiQ9g,"['food', 'sensational']"
998,MLAnvEcvDfOWELHUN_0xEw,"['food', 'mediocre']"
999,pa6K7DGByxBXxcVJ59nWMw,"['breakfast', 'mean']"
1000,UCjtaUCtJPbTUouHtQURvQ,"['meal', 'quick']"
1001,UexMw8s7B1J-RtFOQtCCsQ,"['dinner', 'early']"
1002,a9Wk44qJLWoJQT-_H8MB-w,"['food', 'awesome']"
1003,l6EcX0blOzMqHWSdTHXLLg,"['price', 'full']"
1004,uVbt9dOe6qJgBBI4_XsXRA,"['drinks', 'Mixed']"
1005,LfKPiwth-lGmCKTxlDoV9g,"['dinner', 'wonderful']"
1006,hGQsnkndreW7b26XC2HVRA,"['food', 'decent']"
1007,8dEJ_o0UgGrNX1ejHcuZjA,"['dinner', 'nice']"
1008,6Tt0mGKbMoAz1GsjkVhbMQ,"['food', 'Mexican']"
1009,9CqxDNPWlkJW1ZCM8Gu_nA,"['lunch', 'quick']"
1010,xMK01ZbVUYLLoyqoeWAIVw,"['dinner', 'excellent']"
1011,fON48rwmABedlUu0DWVEiA,"['food', 'mexican']"
1012,6lcay-E_ssmzpGanKbColg,"['food', 'Persian']"
1013,corPOxxIBRJ7DSpryYvorw,"['food', 'prepared']"
1014,ML1RJdeZ7bbfMrHvJ7m99A,"['dish', 'noodle']"
1015,od49_DFUJY9louGx80My-A,"['food', 'Mexican']"
1016,-vHWAsiX0iHWJw-pkqv32Q,"['dinner', 'inexpensive']"
1017,r7Ge8_c5Y2TXthb4CSjzaA,"['dinner', 'semi-regular']"
1018,7K3xiP-5sj_x3QWHlIFFxQ,"['service', 'great']"
1019,pqkwR2me0LhEZulRcQpOuw,"['breakfast', 'Excellent']"
1020,dewq6aevfoNFvJBqM7PG5A,"['drinks', 'disgusting']"
1021,doEZAj-NSnoEMOJl5yXcNw,"['taste', 'peppery']"
1022,AeoJkr_dlNshB078OepP8w,"['food', 'Good']"
1023,j-_jKQ-5IE4hqQzA-hsApw,"['food', 'fast']"
1024,Pv1H9KIGZTDgSaCDuTUjdQ,"['food', 'Chinese']"
1025,wzQAmzQopWcfoCG8lfiE_w,"['lunch', 'quick']"
1026,x5zpnLM73TCnsRcII7uzAQ,"['atmosphere', 'laid']"
1027,coXomDOValXzks6BwMHG1A,"['food', 'solid']"
1028,FWvEeULc-ItQTENPlIyfuw,"['taste', 'first']"
1029,ObnZiF99lqggVasgyGBtVA,"['meal', 'large']"
1030,Hd6Kh_BcorPhCWVn6pMu4Q,"['food', 'great']"
1031,6Y-6Y6sy6qOQHrWI37zR1Q,"['lunch', '$']"
1032,BD74uSwDe175zEqfppDRvg,"['food', 'Mexican']"
1033,eFK2QePKvAowH-uX-0V4hQ,"['drinks', 'mixed']"
1034,_wrA7CMbMqcWEDCNghi5cg,"['meal', 'free']"
1035,znmvCpcwxYk_kYCqtUFt5Q,"['dish', 'traditional']"
1036,jB1fFl1eIEPYe5FLpCZ5Jg,"['lunch', 'perfect']"
1037,3QtWG5sN3HJNBVKn_wHQEw,"['meal', 'full']"
1038,ib-y5nsfn3unE0lLY1vfAw,"['food', 'Mexican']"
1039,wH_kpDuTE6ChDAp5AlMfJA,"['dinner', 'eating']"
1040,E3RjJH45EX6rHYDs0TYSRA,"['dinner', 'late']"
1041,A4pL6j3e6JAtblmCUF2GZA,"['price', 'Great']"
1042,kr3EFhoSwbJPrL_e_RD39g,"['drinks', 'happy']"
1043,Ew6YfU0XcFGM-S4zncZ5Dg,"['food', 'Indian']"
1044,un3KC2gyMrSG6yqjVRctXg,"['food', 'up']"
1045,GavgziItjOIkqqf7zm5w3g,"['service', 'lame']"
1046,ilJiRYZgxjrEu2iexKu-pQ,"['drinks', 'last']"
1047,j7XuypdW_w935NhjbvKPQw,"['dish', 'main']"
1048,r8CwFUEQtL8gAT9KHnNhuw,"['food', 'substandard']"
1049,H9wnP4BIctmRxMq43NPgAA,"['food', 'good']"
1050,cUaaIk_3UdeSJ54CLvrW8A,"['quality', 'last']"
1051,SsL60j4ut59-v-gjmM5PKQ,"['service', 'expensive']"
1052,wzIPW_XyKc2DBWdOUM5hlQ,"['food', 'poor']"
1053,-WZIxGXJHMGidZXRhKxP3w,"['breakfast', 'Best']"
1054,4_xxWpQKhBWhAOvfVPmFXQ,"['order', 'large']"
1055,AaYHMYoeOt-5nN32vTA_Dg,"['drinks', '$']"
1056,3wLLf8wRqD1ZQowi9aZSoA,"['dinner', 'nice']"
1057,XYhVyCbzJCrYclR6J4LYSw,"['taste', 'delicious']"
1058,MPziC5MO2QQiYVAMM3fdSw,"['food', 'Best']"
1059,TCqkBVN84Ek0oLmZGAX5xA,"['food', 'fabulous']"
1060,FS7aGG1AOLbrVIGXTuA5EA,"['service', 'good']"
1061,kqGbGsG2p6Y3vkplCKyE9g,"['food', 'Mexican']"
1062,3-zvo4Y_Bagw6Yifvh1TPg,"['food', 'light']"
1063,-zcZNlO0JwZHppan8rGkBQ,"['quality', 'typical']"
1064,ZLVX6bQt8HJH5d4pq5EJGQ,"['dish', 'exact']"
1065,68euKezXqyvsE49cIGdL2A,"['food', 'mexican']"
1066,L-uPZxooP_ziXCtRrWi8Pw,"['breakfast', '2nd']"
1067,WHd8fLeMeWKUK6sPyeB-UA,"['food', 'good']"
1068,tLRNfwNm789XHWLNFvJcWw,"['atmosphere', 'comfortable']"
1069,Dsvx2LEC8jk9nuGsg1Kqhg,"['food', 'canned']"
1070,jzPMl-NoB5F2fwoHX3hN8A,"['food', 'Mexican']"
1071,LYLGCIqNQQrpMwOxJ1hlrg,"['food', 'great']"
1072,rIonUa02zMz_ki8eF-Adug,"['drinks', 'known']"
1073,3vKhV2ELR2hmwlnoNqYWaA,"['taste', 'light']"
1074,liXaSXrIXjikvdSEI2inxA,"['meal', 'balanced']"
1075,oOehX_l0odQc-tu81VUkIg,"['food', 'Great']"
1076,oB-vwbo10DIjK01Zakp39A,"['service', 'best']"
1077,fv2WqPvS4YfxCm6YWqrvLg,"['food', 'solid']"
1078,wQXqj3GTHsF3AcWB3LTxMQ,"['meal', 'average']"
1079,kaIue7GRCmkPzDeHDBTttQ,"['food', 'fast']"
1080,LHzVPddSPzMECho55zCf0Q,"['meal', 'whole']"
1081,AvaV8EHR0m06uiNxikJabg,"['lunch', 'free']"
1082,no_FXjscklz1SEzM_XnVgw,"['lunch', 'nice']"
1083,v6zRA0WqOODJjmpvstrpGQ,"['taste', 'gamey']"
1084,GbEOmf5k73r_UJWjchrHOg,"['service', 'e-mail']"
1085,bEQjf7c-9qkNWgXvriSGZw,"['food', 'tasty']"
1086,sZAzeccYUVPjlkrlMooV-g,"['taste', 'much']"
1087,ZoQAOnEFnyHjSpomtfqesA,"['lunch', 'quick']"
1088,4xofmDvGh2aD8Lgd0PH8GQ,"['food', 'Good']"
1089,tyETqrYijm3cY4noCwl9Ww,"['dinner', 'quiet']"
1090,ihMUU9D2mcgrp7fi8lmqJg,"['food', 'fast']"
1091,OzrOuMIig4Zvq1qyFutH2Q,"['food', 'free']"
1092,DHk8is9rvfnATsW1AudWQg,"['drinks', 'great']"
1093,9em_vfSjwcPqQgU8Zj-hzA,"['service', 'friendly']"
1094,IpqgfODLFPww-6TxCk-LJQ,"['dinner', 'scrumptious']"
1095,L-bpJXpA5875dLb7A4wh6A,"['food', 'much']"
1096,jCOTob1avPH52RNuniylkg,"['lunch', 'great']"
1097,UWc8_M-ecCNLfrkIzwwRQA,"['dinner', 'great']"
1098,Zw5fzZhYmrLgdM0CVmGTeA,"['food', 'small']"
1099,tyHtzC4k-MvsTZOBZ8YaWw,"['food', 'Chinese']"
1100,7-4FxYXhNUS2lhpUb_q5-w,"['drinks', 'cheap']"
1101,JEreQgso7MH_Io3DXGsEOw,"['dish', 'prevalent']"
1102,nlFlIeziD-4nNUF2B337Yw,"['food', 'Cambodian']"
1103,y0weNFCIJF9bTgBbFST86A,"['food', 'heavy']"
1104,oRqBAYtcBYZHXA7G8FlPaA,"['food', 'decent']"
1105,eONS7DP6U9BV3lkqGAUbOg,"['food', 'delicious']"
1106,2nzUx_M8Szyzsf4CszHasw,"['breakfast', 'quiet']"
1107,PdWe3jF9YEu5fWBiQXZIgg,"['food', 'best']"
1108,eW-hTjKrt91NnQ9xzMYtDQ,"['food', 'chinese']"
1109,ABrSt3fsirLrUYNVrD3fbQ,"['dinner', 'wonderful']"
1110,U_CvxSM9epIi8u5A0jOUVw,"['quality', 'low']"
1111,zxqvU415r_RtZRKDtdbIKQ,"['price', 'low']"
1112,-mz0Zr0Dw6ZASg7_ah1R8A,"['dinner', 'basic']"
1113,O4GznwWobGqx01DUlijgZA,"['food', 'stomach-filling']"
1114,57YV3wsiNBp-aK25qjUeww,"['service', 'great']"
1115,1eBJyYf3JEccqXUFxG1VWQ,"['lunch', 'awesome']"
1116,Qa6Gmw6OcNKrqVDh80I_9w,"['food', 'Vietnamese']"
1117,_9h-jH3YOkAU9-2A-dy6YQ,"['meal', 'casual']"
1118,Cvs4FOqtYH1R4Qhiq4PgpQ,"['meal', 'decent']"
1119,HTpBzBg3OLU-lQUqRIqoiw,"['dinner', 'quiet']"
1120,_OYlq2UoKPQO_ElqhC3a8w,"['atmosphere', 'whole']"
1121,Sq8wUe-kWZLkoM9vphwXpA,"['food', 'Good']"
1122,0db71MbrvcJnyk71COCJBg,"['food', 'Chinese']"
1123,a1aFceRgC03yy3ENdynDnA,"['service', 'Great']"
1124,Zruvunhqw7cuyuoe7g09Gw,"['meal', 'unforgettable']"
1125,xEg0-xrQywU5K-WQO7cy0w,"['food', 'Indian']"
1126,i0W4TZcoRbOYeRfDfQEX8g,"['dinner', 'early']"
1127,yMUVflS-2SnOGafXmdHy6w,"['taste', 'fuller']"
1128,scr5gHaPC_36GtaCxmJEHA,"['food', 'amazing']"
1129,kiB6ByG9PYQLHmGpg5SGZw,"['food', 'delicious']"
1130,Rg3INE2p4zQYvfMvJduEOQ,"['food', 'Greek']"
1131,YTOU3COVuBdABXb3Wci_IA,"['lunch', 'nice']"
1132,EgjFg_apjNerroqYiokcag,"['food', 'OK']"
1133,K845ZDttFfx99zQ-0aE2tA,"['dish', 'single']"
1134,DGtOkc0KNTyK8rDkmsPNYw,"['dinner', 'person']"
1135,YF6Z8PhNWN0ZR33hfvZRjg,"['order', 'right']"
1136,Eq6HUYlnhF__d1ie-I2RMg,"['meal', 'conversational']"
1137,Kqn4J9NTgZdMAnV4HuYh5A,"['food', 'great']"
1138,edcGkJ6qPs3lUnSz9pqoGQ,"['service', 'Great']"
1139,mPGgxatANSPw9KbMluhXkA,"['food', 'great']"
1140,45puCRQ6Vh_IIAy7kkfFDQ,"['service', 'fast']"
1141,Xo9Im4LmIhQrzJcO4R3ZbA,"['food', 'Mexican']"
1142,51qNc8sg9kCD5GEJ3TUrrw,"['food', 'Great']"
1143,CdWrHBOvTZ6i0Z37iFaV3g,"['dinner', 'Rib-eye']"
1144,rlQCMHmaMjPzEh3BeaDkIg,"['food', 'mexican']"
1145,U7jOpLoLXYphWFqS6JO8mQ,"['service', 'slow']"
1146,jgbEZzERVI4yvAAtXWW93A,"['dinner', 'good']"
1147,6nH0DLfofTytTeZJSkprgw,"['atmosphere', 'quiet']"
1148,ZD8xAsXsj8FRunJOP4fSrQ,"['drinks', 'few']"
1149,1f_DXcxpAKfILKK6cDPLxQ,"['service', 'awesome']"
1150,ElqD819zpmOryvsLuzv-Mw,"['meal', 'casual']"
1151,xCryT3Vzk_RLIkhiuUJwjQ,"['service', 'horrible']"
1152,mTjHcl-pkNO4iOKY8rVHPw,"['lunch', 'quick']"
1153,Jd5sLVzE_p_LfJMBmbOhSA,"['meal', 'decent']"
1154,Hgl5RjvLS_Yc8cqdw9uaOA,"['breakfast', 'free']"
1155,rwQIBAM_kHtVl1Ks8Flexw,"['price', 'full']"
1156,S8O3BoCDEK-te8U-0IvZog,"['dish', 'wonderful']"
1157,5ErKAS0rHOfU33CYjDh2Aw,"['food', 'good']"
1158,Edj0quZE5k1WcAtf883j6w,"['drinks', 'Cheap']"
1159,PJEJS5rNMRrIBVQDuU9qoA,"['food', 'Italian']"
1160,Ch_2Ye0w4Q9l3VeVW7VNHA,"['price', 'same']"
1161,TzImzfIWkZTnetKl2a4-SQ,"['food', 'German']"
1162,yeuy070bBkc4CD71M1VZIA,"['dinner', 'nice']"
1163,9BJ5h9X1krpXFjKj0a6wbg,"['breakfast', 'typical']"
1164,EoUWD6wATa-j_PagZSjYFw,"['food', 'prepared']"
1165,4bhJ2kl1WVnNQeH3xJgz6A,"['service', 'Horrible']"
1166,1TJItj9VfrCeh4TM_SKQZg,"['meal', 'happy']"
1167,6md4A90THda31wTg1bB3hg,"['price', 'terrible']"
1168,vak5DKpHttVwT0WDhD5Pxw,"['food', 'Good']"
1169,r2S4arkHyRcUroRhggMIoA,"['food', 'wrong']"
1170,7_zL7NX_rDFwhbLp98PwZg,"['meal', 'filling']"
1171,udmb-UuD3xoueQ55INQFRw,"['food', 'Good']"
1172,Xh7lpLo9TxodWgV5VdWeiA,"['dish', 'sizzling']"
1173,YvQKDmSQqs-R7vPEWV2EiA,"['food', 'awful']"
1174,YnWb8fRudnNkXc-VjrmKGg,"['lunch', 'Shaken']"
1175,qz4ZOcv-840UjfCEYI4qZg,"['drinks', 'Reasonable']"
1176,opikDGSxDcfZwYWbk7dKtw,"['food', 'prepared']"
1177,oc0Wl6ktfMLb5VZ2Uz6M2A,"['breakfast', 'good']"
1178,J7ZNnzbCoyMqd-y608wl6A,"['food', 'Indian']"
1179,6HAwTnhNJoR5VNdfUrRoEw,"['food', 'laden']"
1180,69c7z9ySnlqV87tITDGENA,"['dinner', 'day-late']"
1181,MpohnCC0uQNj7DZWaBFSgQ,"['food', 'fast']"
1182,EljtR0HL1PSNjm2CebisoA,"['food', 'Chinese']"
1183,MWoM_zf75KD0VcOm8Yb58A,"['food', 'normal']"
1184,9VZ_imQjvgtpt3k6W6AQ_A,"['dish', 'garlic']"
1185,ar90fbRbQtiyZLtwjwwXUg,"['food', 'great']"
1186,kvxrjOmicwb2njvXOJsZRw,"['food', 'Italian']"
1187,9B_rnGpDieUnMr7szjuaQg,"['meal', 'light']"
1188,Obz3WGtDmcdgWN-r6mWc2w,"['food', 'mexican']"
1189,PG0itWTUdxdy39P9CTgAzg,"['food', 'typical']"
1190,7Z-1mLIoxCHUxCp54W1CGQ,"['lunch', 'special']"
1191,AbS4rMXc19XJJcXVZDhy7w,"['dinner', 'peaceful']"
1192,Dz7swOgFook-L89Y_M-aQA,"['food', 'Asian']"
1193,gWP6ofoyTbK0SZj1i_XqNQ,"['food', 'fresh']"
1194,p8yg26BbovkfL2iw7Pcg0Q,"['food', 'refreshing']"
1195,FG_GRMLSj68ximzfrr9eWw,"['lunch', 'decent']"
1196,XGK7mKZJQtJa77Izhx6xyQ,"['food', 'Greek']"
1197,m3EKlucZuwnOazLrRfnWaQ,"['lunch', 'good']"
1198,L-GfuOmn9mv55571uXvf2A,"['food', 'smelling']"
1199,OSsueRKTxM0MEbgIRsUebA,"['lunch', 'quick']"
1200,KbN836a966ec6tEI0-wh7A,"['order', 'large']"
1201,6qC2ATU4rVRRTKI-SScQOQ,"['dinner', 'b-day']"
1202,7m93HSBV1UrdHZBJwdUVJA,"['meal', 'best']"
1203,Our6bzte5W1wlIeOu9luug,"['food', 'Great']"
1204,EqZl_lQdB3GVFHCoD7sOyg,"['service', 'great']"
1205,OVFcGSh4Wu-ss8Iq_fIC-Q,"['food', 'ok']"
1206,vk7U4WeUKJWteORW5hba0g,"['food', 'tasty']"
1207,-I3Cu9rLQXtL5us5wdy8tA,"['meal', 'cooked']"
1208,kyWbn54rsIlS3vbpDo0qPQ,"['food', 'Awesome']"
1209,O7fXh4ODsi--5LmJKTHn2g,"['drinks', 'good']"
1210,7vz3HGtHzvz1JjiphH9uOQ,"['service', 'Cute']"
1211,kN8792XEJfCtpD5GJLmI6g,"['quality', 'Consistent']"
1212,B_fVPPUxw0TA9TfT5NB5AQ,"['service', 'Great']"
1213,78IaYCf9ktUep4UhhjXbTg,"['food', 'good']"
1214,GvwDppcJLm9lso9iS2hSIw,"['service', 'friendly']"
1215,w7SrsFV4FL04bhQr-B6-4w,"['drinks', 'carbonated-sugar']"
1216,UtUXhKh7vOVvWJF48IzJvQ,"['dish', 'good']"
1217,YQ19y3LYgmAHfgNFa01vyA,"['dish', 'main']"
1218,ptHERlqZTrluKh1DJUTz1w,"['service', 'great']"
1219,Ez2MFsVT5lJZ05yvK_0AXQ,"['food', 'Mediterranean']"
1220,xKXahNKbBUZtOPWibwq94w,"['quality', 'decent']"
1221,KPoTixdjoJxSqRSEApSAGg,"['dinner', 'Enjoyed']"
1222,-Rj4yXguyZ06ZMPMmoR9tg,"['taste', 'overwhelming']"
1223,oN8fAdw2monO8DTwntZKkw,"['quality', 'nice']"
1224,22s5idshuEIPlEcf1ObbMg,"['food', 'fast']"
1225,Q2FaJ3zB6ZuGgvqUqhdc_w,"['dish', 'swordfish']"
1226,xxyuGOeAWnKVwIfoKnfUNA,"['dinner', 'good']"
1227,9NT8Ne1DICkv0ebX-gVK5g,"['food', 'Mexican']"
1228,VGYaXB8kJjqBBIg6bsx1Sg,"['food', 'Terrible']"
1229,Rus-ewyqLj2D1RlqK-je4w,"['service', 'quick']"
1230,P8YUA2bXP-wD3VOzWqKVyw,"['food', 'American']"
1231,fESObRt-YtkgeNS_TUBhlw,"['breakfast', 'great']"
1232,lJe-zPM4U572nVI0eAN4Fw,"['service', 'prompt']"
1233,UHh2br86pxndWXELC6B8Cw,"['service', 'helpful']"
1234,T_Kcz_bkhE9T6YejqFqPxQ,"['food', 'awesome']"
1235,m9_BUX-WkIi62jy3qa3tvg,"['food', 'fresh']"
1236,vvMR0jgDoBA-g1XgZy8sEg,"['lunch', 'late']"
1237,puFrm8eNizztqaWr_e32pQ,"['food', 'great']"
1238,Oj79-vTnjQk_jLr6oNbT0Q,"['order', 'sure']"
1239,bjUH-01t834CVg0Yl0CLWQ,"['food', 'greek']"
1240,L1ymPhPjisiSD6RI1NtnQg,"['food', 'Italian']"
1241,tLvaZcQ1BvgSyA8KU2qgxw,"['dinner', 'light']"
1242,1sNa5oW9ZYX8MbMFkx9LzQ,"['quality', 'high']"
1243,IC8no-tIdDWgkYzb5d-Nvw,"['food', 'Vietnamese']"
1244,2MM1zXQotfBkW4YRMPY-ZA,"['quality', 'alittle']"
1245,Q5ZD7ZAs96NAVblFDV476g,"['food', 'cold']"
1246,HkSyssTd5_QNNeGI0-ltTg,"['food', 'good']"
1247,PEHJjxdw11TGFma9Zhz3ng,"['dinner', 'late']"
1248,63oKTPacLDyd9D5XwmAlUA,"['dinner', 'romantic']"
1249,AsX-6ECbV83zGJLUVMre9w,"['food', 'excellent']"
1250,H-99nG_KfynWPXh84TKj8A,"['order', 'Out']"
1251,On_3zLdujQdvDbBYUirNWw,"['dish', 'simple']"
1252,CEs_oJMtLsll3xBM9slBQQ,"['food', 'good']"
1253,3fNGtIfuHwt0-DD9SSjO6Q,"['food', 'Chinese']"
1254,AX8lx9wHNYT45lyd7pxaYw,"['meal', 'pre-Thanksgiving']"
1255,90FMI917WPqmn_CIT31pyw,"['price', 'good']"
1256,jN2NAKO5Rn5IT8udZ0imdg,"['food', 'fast']"
1257,LRxH8V5JaPt9mvav6F_1tg,"['lunch', 'quick']"
1258,5BXNeSwzOy1nhU9PtCHvIw,"['dinner', 'nice']"
1259,X6PFtUdbCIOrr0r5suKlRg,"['food', 'Chinese']"
1260,w5XcgWwGAN21Ly2HeU48IQ,"['dish', 'deep']"
1261,NOq_vpCfCfYdMRPbaUG53w,"['service', 'counter']"
1262,BK51tV_XtCm3UHwRVyCuqQ,"['breakfast', 'big']"
1263,i6FVePCt5MHmXswAL2c2sw,"['food', 'clean']"
1264,Lfn_7TNBPNu9c2v_d2nE4w,"['food', 'mexican']"
1265,7KCLeDNdFDkdoA6MUavxwQ,"['food', 'Ok']"
1266,49RRQ0nE8XugVuvowiVv2g,"['food', 'great']"
1267,sI-2c9HZ0RjZX1OU-5DW0A,"['atmosphere', 'Nice']"
1268,6TuM3UyFP9O9uzTP0dVZMw,"['food', 'outstanding']"
1269,XK5FFbrKWMjRqc6ZbSTknw,"['food', 'Mexican']"
1270,9HwUkbKAv7dO3MGlkkJJSg,"['atmosphere', 'great']"
1271,PWiU2RQx7Fi86iYJMf381Q,"['food', 'Mexican']"
1272,8G4_ESDS6BOTVCAlNt6O8Q,"['service', 'good']"
1273,E4Q-78EG6f2aRv7zGQLuAg,"['price', 'Great']"
1274,l0S5b8YYyDbjttTWtKc-gg,"['food', 'fine']"
1275,Y3nETidvklwdqNeGRzdGNw,"['lunch', 'nice']"
1276,wUPHVWGmoBU_gykHl1Kzxg,"['dish', 'sweet']"
1277,bAkVxrXzYO3772VF6o0_cA,"['food', 'more']"
1278,UJBSI5HydQgUhlTkC8ODDw,"['food', 'Mexican']"
1279,JxgoluY8hnC34cys_f80xA,"['drinks', 'few']"
1280,U-0hMfagGtjYZCYB1i0WNw,"['food', 'Great']"
1281,cNGI_5GbfNFbZBMQZ-s-UQ,"['order', 'separate']"
1282,aLZoFhOmDtonrWJzUzh8TA,"['food', 'good']"
1283,vHgodZBJytT2r7K9c7SLMw,"['service', 'Slow']"
1284,Xsl-i1otDd3GXJEkkKJCaw,"['dish', 'popular']"
1285,57gnA8qjuFDtUvKMLmtR8A,"['food', 'Ok']"
1286,rOEWuLpnYJVvm4REIgXt7A,"['quality', 'good']"
1287,Vzq74f0YrT0IbWBPkbUp_g,"['food', 'mediocre']"
1288,Yiw1ml0XVBDIQBTLXHNGmQ,"['food', 'free']"
1289,xCXSaqlKvclhWBczA4fqkA,"['food', 'Korean']"
1290,RFeDe3fNr14kvUKlVx6_4w,"['atmosphere', 'good']"
1291,SAS7V55TcgZSTJ21ZnXqmQ,"['food', 'fast']"
1292,8AYH_pFl8GpPKCR_k-QigA,"['food', 'clean']"
1293,QwaoxP5Mgm3PJuZo_4bFsw,"['lunch', 'great']"
1294,E_wJCQ9L_0w5tJyrvr0lJQ,"['lunch', 'better']"
1295,cXx-fHY11Se8rFHkkUeaUg,"['drinks', 'foo-foo']"
1296,kK4AzZ0YWI-U2G-paAL7Fg,"['dinner', 'nice']"
1297,A3xyx-Y_-t3TwBD9E--Zzw,"['drinks', 'priced']"
1298,2nGw5zkzvO5c2eH5P4C_kg,"['food', 'Asian']"
1299,zAoFrUwRVdSrvYWNB5e5Jw,"['food', 'Mexican']"
1300,a01JeGRdPYArzDgBLP9M5w,"['food', 'cheap']"
1301,fowXs9zAM0TQhSfSkPeVuw,"['dish', 'flavorful']"
1302,rbiRLiFTG098z9JaK3Nshw,"['food', 'good']"
1303,mp9hMnOobCLNB_iR4sqm_w,"['lunch', 'better']"
1304,4CsZK1YOP8lCLH9ZSf0LMA,"['drinks', 'cheap']"
1305,wn7GiuOQ_0VrPXNc1wVTDA,"['quality', 'overall']"
1306,kgPjOtSeMd3CMdbnEmHbeQ,"['drinks', 'few']"
1307,3x3tJ8lGU1Y4wLqfHtqU1A,"['taste', 'little']"
1308,sgBl3UDEcNYKwuUb92CYdA,"['lunch', 'late']"
1309,39oUcXr-06fcfT_MZ94z-Q,"['service', 'good']"
1310,8u4K8hAiSF9lBqN76LvOJg,"['drinks', 'other']"
1311,KoJ4jNSmqYbmKqcoh-2dNA,"['meal', 'disappointing']"
1312,Bui7TEFaPwuZtW5QQg2oFQ,"['quality', 'great']"
1313,JobP0ghILdh8S8l-LhHHxQ,"['food', 'much']"
1314,zxjMiqlfUuIQRltSuj9FpQ,"['food', 'fast']"
1315,Ft7BXN0D9x_XcVd-VZeLeA,"['food', 'good']"
1316,En4UyDiGgmQuWq__50RAgA,"['food', 'over-cooked']"
1317,dn9sB0Kok8cnkDhpcl7YCg,"['dinner', 'expensive']"
1318,jJlOPkv4Xl6vxNzr51fnYw,"['dish', 'single']"
1319,LmVcYycG_VI3S6RNgqiriw,"['dish', 'best']"
1320,Vm_P0F8OfpXlW1rw0eLoMQ,"['lunch', 'good']"
1321,HBzv6vjTkeM-s_UIFCg2gg,"['lunch', 'quick']"
1322,lUhjcttOVyH9uNa0v6NFfw,"['food', 'mediocre']"
1323,lKQ5hnkSQ-XP80jNCH46nQ,"['service', 'slow']"
1324,qlrZzAktK8wODSHxhLEK7w,"['food', 'fancy']"
1325,W8WyVVxinyRjzP8gJa7ILg,"['food', 'Japanese']"
1326,sjO66SM-zICJr5VyumMuqA,"['food', 'other']"
1327,jVgtPnzXvZQOCCIUPEBktA,"['drinks', 'soft']"
1328,cRwNwAGQ8Pc_-orLefrwRw,"['food', 'fast']"
1329,Hxw3hG8Efg6WXSa5oRJhrA,"['food', 'much']"
1330,ypEtwQHobNJCZvPONO38WQ,"['drinks', 'nice']"
1331,4ieuLil-D58FBU1DVd_xGA,"['service', 'Excellent']"
1332,mBDhy9j4qwKRnf4h8UQnrQ,"['meal', 'Mexican']"
1333,CsJReJjzMNtw7ZTPCuVZYQ,"['food', 'industrialized']"
1334,crSme9ZoLQNMtRGxv0htTw,"['food', 'Great']"
1335,e5gB2kDFaodtxMTa53C29g,"['lunch', 'refreshing']"
1336,APgL23vh7f7H_wAGTl57xQ,"['food', 'Excellent']"
1337,cfRrO0P-L7o6UWL81pmxCA,"['dish', 'favorite']"
1338,cWBqZThx4RWNzPJbJ_oXOg,"['food', 'fast']"
1339,BicQSnGZnY_yuGEDkhVfnA,"['meal', 'best']"
1340,8v1MWkAeU3nEuqGd27jZeQ,"['lunch', 'sizable']"
1341,T_d9GB_p0ajNTVEZ2CMmrw,"['food', 'Chinese']"
1342,atbvu3MxnDgpQfZgvPZz2Q,"['lunch', 'great']"
1343,PXmR1MgOAWB066XH20HjxQ,"['dish', 'more']"
1344,Lc-ZYyI83FpEe-8u_LSODQ,"['service', 'great']"
1345,eyjyLrHjTPGuynfv-glYcw,"['dinner', 'frozen']"
1346,d83_qJwcOYOojQsapu1Z4A,"['food', 'Great']"
1347,_A4zWsLoLbjozEJYHLDx0Q,"['food', 'good']"
1348,I4pSBXlKdR6assqRdVjtMg,"['service', 'great']"
1349,ggKTLa0xVz-WGBGatscMBQ,"['service', 'Worst']"
1350,nWJ55k8utQHrDqT_n7nYTg,"['service', 'good']"
1351,ETg80zdzuBm7gBfW3UoMIw,"['food', 'Chinese']"
1352,2czw5PzfPo20KlZLl3hOXA,"['meal', 'hot']"
1353,rhf8H7KZsMHRAprI5-D3sQ,"['service', 'excellent']"
1354,X7FAAKkwOwaUUpR8QPChyw,"['dish', 'Cuban']"
1355,Oxgiv8PVn4RXth_bHSbB7A,"['order', 'to-go']"
1356,dsMvINhoQbIQgSRTBv2B6g,"['food', 'Great']"
1357,Vx7-xbazum3dgo3Qj3i4pQ,"['food', 'Mexican']"
1358,ozWBsvbeM2LSPsRDsYKr1Q,"['food', 'take-out']"
1359,erHz0NkEG1AP3aAtnu3eFw,"['food', 'amazing']"
1360,Cota2ttLUjoKhFU6ukYqSA,"['food', 'Good']"
1361,3MwUofF-CektEM52NwDaUA,"['food', 'Great']"
1362,T9BPnYNKtk6B42W0cJJXnA,"['service', 'good']"
1363,3YATaNAGANoFneE-4KK-JQ,"['food', 'boring']"
1364,fRV_jh8IxvGh0jY5dT91Rw,"['price', 'good']"
1365,aOR_hD-xXsnU6bgVcJ3uXw,"['food', 'Caribbean']"
1366,VQTjhYGMIyqSRJHgHLFvjg,"['lunch', 'late']"
1367,WPmamMTGAmNYXGoXW1mWyQ,"['food', 'fantastic']"
1368,jfXqQTdxktGQWkELGn-7wA,"['dish', 'bad']"
1369,rima62YizeDOVWksZ80KMQ,"['price', 'same']"
1370,oOqsIaRvdV4La45-JJhfeQ,"['dish', 'okay']"
1371,-UnYs8XvV1M983xZoREdng,"['price', 'great']"
1372,GpK-hwVb08ZFJO_xPboKLw,"['dish', 'fav']"
1373,DbI6ezKctN4Z5SV7LvG4Sg,"['taste', 'fresh']"
1374,Dh-jKrXlivowMGDtfD_gug,"['food', 'own']"
1375,VLXpl4P9b2ndIQUd-eGP2g,"['service', 'solid']"
1376,EoVGIsaatkdbWLY9qyFcgA,"['service', 'good']"
1377,xHe6WBPFINEHUIeq_5yEHQ,"['order', 'large']"
1378,ixTr1qXUFGTzyaZUuCDDvg,"['food', 'sloppy']"
1379,kFVapB4z_5VoOnYazF_ERA,"['lunch', 'late']"
1380,dyd81TK9jY-WLt6UbMFWng,"['meal', 'course']"
1381,ZZevr02C4b_g9RwnezdvWw,"['food', 'disgusting']"
1382,QVR7dsvBeg8xFt9B-vd1BA,"['lunch', 'favorite']"
1383,wy_R4crNr1BH0CP87y9UHQ,"['food', 'Indian']"
1384,JXQBl4aCf5-dQhcg_5LwCg,"['dish', 'Chinese']"
1385,L7UxfZyS_-jFOxRwG0SZWw,"['price', 'great']"
1386,SzCMZ664veIZpYp4Tk84Hg,"['food', 'Mexican']"
1387,s5roBvbA79SQaO4FHkJgGw,"['food', 'decent']"
1388,4oBF6f3NiCYF5VYd8WaELw,"['food', 'hot']"
1389,Qc-WTMIjVPv2qkL6q-Cnhw,"['food', 'whole']"
1390,5SS69rC8XWvdlD1OHifEEQ,"['dinner', 'cheapest']"
1391,Lvf3N3cfLAmOc5y8Eg8KDg,"['dish', 'tangy']"
1392,TEiuiQi_0W3goZ7x9e_ILw,"['food', 'mediocore']"
1393,C_eWAEOvkHZ_IZYGwjtpmg,"['food', 'great']"
1394,8HheTzFpxkOlfFxJy-sIMw,"['food', 'orgasmic']"
1395,stH6XAn2Drzol1H5oGvL2A,"['food', 'Chinese']"
1396,BBPkwpj9kSeDuy0uOwWHJA,"['food', 'Japanese']"
1397,RIPM5kJ6xHvIu6umgOrg4A,"['service', 'Slow']"
1398,cyxnQ6EocFbAENe7nRwx4Q,"['service', 'friendly']"
1399,D09yG6Z3gcsh24Qn7Y4gYA,"['food', 'delicious']"
1400,p7m9uYWxKSFCF-qC7hPxPQ,"['order', 'favorite']"
1401,5xnyQS26YJfD6az9Cwf8sw,"['food', 'organic']"
1402,iAHNZo6GF4C3N-z8u2C_ww,"['atmosphere', 'Great']"
1403,jTcLbRCOCnGB4wCgsIYswg,"['food', 'fresh']"
1404,z3zcsnK26QhC7TqDX73zvA,"['taste', 'blah']"
1405,tsom7jUEr_DetH65ZtEc3w,"['service', 'good']"
1406,_uf5F_RiMBPHSl2Saex8AA,"['price', 'small']"
1407,lXEJZjvwgSM3i6-HWpPwDA,"['food', 'great']"
1408,Y-ci4KjSUdwfc6ru4XnX8Q,"['taste', 'great']"
1409,VXuvmtDipL_WRwc0NTM3iQ,"['meal', 'fairly-cheap']"
1410,zwToyWL4dT1clsFPK9wI2w,"['service', 'good']"
1411,bxuKrGz1C4kXm_kjILdfAA,"['price', 'reasonable']"
1412,NCtzWkMbE13r2M2Sg0wH9w,"['atmosphere', 'simple']"
1413,_ilvDGnUKCpfp4qHvQODlA,"['quality', 'fast']"
1414,phe9voJ_LPAtqZaosM4Ibw,"['service', 'Good']"
1415,3tk6Syyz5i967Ifuz_4o3w,"['dish', 'great']"
1416,ukUuBT8zVXNC7Zz34cctAw,"['food', 'Decent']"
1417,RHYJho19op3wdNfJOFUR0A,"['quality', 'Great']"
1418,7UTlEVHU5v2xBLdkGghyzQ,"['food', 'great']"
1419,9DsXB8T3UwBYiLPiLJJuNQ,"['drinks', 'mixed']"
1420,5CWKlH0uyOUF5EZIyewMXg,"['food', 'Fresh']"
1421,0qPmDwHa9NdvvIOgerR8HQ,"['lunch', 'late']"
1422,pSiR8m18iick2D7TFdmb-Q,"['atmosphere', 'authentic']"
1423,toDZ6L_a_0lWU9O1JtQRGg,"['food', 'Fast']"
1424,GDzn6pU_pGpXc4kTLpR3BA,"['service', 'little']"
1425,1AMncE6Lxdr6J9PeqZi4nA,"['breakfast', 'amazing']"
1426,Y6Qsu0EYDFtOOtxdYf51Pw,"['price', 'regular']"
1427,bpPVn4nF8YR40BjhO6YP1w,"['food', 'crappy']"
1428,NkTBJP2YOwUAUNzRqR2gJg,"['service', 'best']"
1429,EFSU5EPU8VsZmrjbTxjc4A,"['dish', 'tasty']"
1430,nW_1gn19lMnS9IF1KlZ-aA,"['meal', 'entire']"
1431,mDrnZvSXMbMIGE0IX9mMqA,"['drinks', 'free']"
1432,F3tqTcfKnljJcSyyqN0bbw,"['food', 'Great']"
1433,unPzS1QJJctlZyLGFSk_HA,"['taste', 'particular']"
1434,3ez4Qs56C_cC-l8x08l6Zw,"['drinks', 'horrible']"
1435,1nsxori657cAx2hiyYb4rA,"['food', 'Excellent']"
1436,jQt1xMibtitBczJN6LXT1Q,"['service', 'good']"
1437,f9eFteZuBoZqzYg5UUrufw,"['taste', 'perfect']"
1438,e48Wa4YqFaMjMmN9iZ2G5Q,"['price', 'special']"
1439,mUVTlJSil_xyjPD6qMx8UA,"['food', 'good']"
1440,Lx4ZFP6dIMzi7Ib-ljV-ww,"['food', 'mexican']"
1441,4YfXP-NxQXntqi0qAknU5g,"['food', 'classic']"
1442,NJTIb6bro3gmfo7Gp6rDLg,"['food', 'Mexican']"
1443,8HQ8clouLGgee99KkR4vXA,"['service', 'Best']"
1444,7UZQ6qGX8lP7a3jokfYVjQ,"['food', 'Korean']"
1445,Sy-hmzSH1OmWpHmAfZtxRA,"['quality', 'high']"
1446,m_rEr3Vg1-f9Dg-Nag4FWg,"['service', 'great']"
1447,GjG2_JvHg6ISrLchOag_lA,"['food', 'Mexican']"
1448,uYj2NO1HZRNiD-de_pSdJA,"['atmosphere', 'good']"
1449,qgYWglXd2dkx5xUWPHCKcw,"['food', 'Japanese']"
1450,FUKRPXgUx9Gm8xo4c9VosQ,"['food', 'good']"
1451,z1Np8_oQECKWGCwJJ8864w,"['food', 'other']"
1452,aXRtJioBYidoHdS2GTTKhA,"['dinner', 'tasty']"
1453,-GYx5GAx_-4XEsn7mFwdkA,"['service', 'good']"
1454,Ta-fY1c_E8qHBBDQGyxPkg,"['food', 'great']"
1455,KRqtYdnDpwqYfWkFhZYjow,"['service', 'friendly']"
1456,shlAd7PLzWlQrkQ0uYcBBg,"['food', 'Good']"
1457,2I666dqzs1XB6xigIKa9bA,"['lunch', 'quick']"
1458,Sb1_G-DMy26YHafNxxhVrQ,"['food', 'bustling']"
1459,LR9mX-3mh_PIEeG1A5zqxg,"['food', 'chinese']"
1460,MQNJNjLLDfsIrqxG-DBMqQ,"['breakfast', 'little']"
1461,_BhzcKojv1gjdRINe3Gkig,"['quality', 'consistent']"
1462,RiJ8Agrw__NG6flFL7BpbA,"['food', 'good']"
1463,6OFYUDvf2k4RXDfOomfi1A,"['price', 'great']"
1464,g4Eit1EeeEGhTVik6AWYsA,"['food', 'tasteless']"
1465,-5EWgRkudDlcCbQSIL_twA,"['price', 'lower']"
1466,0NhcabzEyeCIMsNCPOX-MQ,"['taste', 'fresh']"
1467,I_N5b-CA6j0TFMpy1xYKdQ,"['food', 'German']"
1468,7McTmo8UxlqUlvDNXcMOWA,"['service', 'additional']"
1469,b9svM7RoDUAVnzjFBmf3Ow,"['service', 'only']"
1470,NzbCi3p0HqU2SX__853VwA,"['lunch', 'little']"
1471,CycfCC0OLvTjG3Eks8D1og,"['food', 'Chinese']"
1472,-3xbryp44xhpN4BohxXDdQ,"['drinks', 'happy']"
1473,qsWxbgQwuomXvMseg23DGg,"['food', 'fried']"
1474,d-YNxMKL6ZhkiRhfUPxKHg,"['food', 'Chinese']"
1475,9XX-sxaDFXlXO65WnuS65Q,"['dinner', 'late']"
1476,sRhfzx8P_VAdmofWMSPD3A,"['order', 'earlier']"
1477,Br9Ruk5yY9ui8OiKChWdgw,"['atmosphere', 'great']"
1478,sspvIv6br3Vto2s5JkeiMw,"['food', 'bad']"
1479,nUIkqgFimmLsB50WXVwTfg,"['food', 'good']"
1480,LdI-fcJDXGE7ns_jwWY2ow,"['food', 'Mexican']"
1481,i_H_yKtISROjQ4eruSwyPw,"['lunch', 'special']"
1482,7Zo1DzdwZlGMxPu1AFMSsw,"['food', 'mexican']"
1483,pwfyeFSeM2y0JjWL8k9VNA,"['food', 'amazing']"
1484,PjBeWzCOCveiPuF-xqUaoQ,"['service', 'friendly']"
1485,dNyjWz6CnYvrhPnpqNV5NA,"['food', 'enough']"
1486,Vtx0VYkybAd71fzwgaoQ8g,"['food', 'Great']"
1487,rF5uvk0-2_N60UxJ1NRl0g,"['atmosphere', 'Nice']"
1488,DXADDERHdunEdkwo9_t7gg,"['food', 'Mexican']"
1489,mzbQCUmd135tsNW6hY3G6A,"['food', 'chinese']"
1490,y4bkwSDssQTlFOYZS76K7A,"['food', 'Asian']"
1491,1vYaGPKQzMebBJXFCGTH2g,"['lunch', 'quick']"
1492,BCsYkzqxGY_xmi5q_ayFDw,"['service', 'genuine']"
1493,_gXpjRIjb5fv5f5IVGXvsw,"['food', 'bad']"
1494,AoO0FJyUm01lmIJJTcPWEQ,"['breakfast', 'giant']"
1495,M_Aur61hhpgId1mUzFZByw,"['food', 'typical']"
1496,Rj5gyaRIIwDX_OJa1LlE4A,"['quality', 'lower']"
1497,4iJUNAUVYNEuh16yK6Virg,"['atmosphere', 'super']"
1498,nmj5yK9dZ2atlM9RYDCRHw,"['food', 'authentic']"
1499,TepT2VeFe3tMYdAiqj12vg,"['service', 'good']"
1500,_AwvPzaNPGQ_QZSWgsfOiw,"['service', 'fast']"
1501,FpDSA0hl2TTWt_DEpYKBgg,"['atmosphere', 'perfect']"
1502,6kQlOVkE6pZVHk-TIO_SGw,"['food', 'good']"
1503,4NMElef11_YmVzxOpcsALg,"['meal', 'mexican']"
1504,xOlzK02DWzETeZ8HbiEB0A,"['quality', 'low']"
1505,H83uIqLKcOSFcmJhXmc-lA,"['food', 'Vietnamese']"
1506,amQir2cEG2MV625L0dE8aQ,"['service', 'friendlier']"
1507,hrOsdyai-9B91cGjBspHqw,"['meal', 'similar']"
1508,vB3vEjcw9dfHmgP8ac5ZMQ,"['food', 'fresh']"
1509,pAu8UuWTLTLai61TW8-tZw,"['food', 'consistent']"
1510,fHX1t2iDrhBAiq5wkc4tRQ,"['food', 'much']"
1511,nP9zQBRNSxlnU8BsbqYI5A,"['breakfast', 'free']"
1512,6W9TRKrb72ZLl0h1KWvC1g,"['food', 'different']"
1513,x-lEn6WxwqSNrdYdgjRsyw,"['price', 'reasonable']"
1514,BblCFCBYOJxU-tbvMDXuTQ,"['food', 'great']"
1515,IF-BrFA4srTmLHk_fxOKkA,"['food', 'Yummy']"
1516,AFx48YCp7n7dn-AXp71zAw,"['dish', 'multi-faceted']"
1517,T8IP3Ns3cZCgdyPqt18Cbw,"['food', 'flavorless']"
1518,XxE8YV18K6Cb7uvQLN3XZQ,"['food', 'great']"
1519,OE7RmfGvpvSEv4g3xDKfSw,"['food', 'tasty']"
1520,hJVt1P4FOvj-soabliLdaA,"['lunch', '$']"
1521,RQe1UP_PZ0vdmg9oCYFKqQ,"['service', 'spotty']"
1522,2unQHR9uaRxk3dsW6f3MGA,"['dinner', 'first']"
1523,o2BeeJmpf_J9EmC8HQoHRA,"['food', 'good']"
1524,lTk4l6YgxNXNaMCD9mcD6Q,"['quality', 'better']"
1525,_8IwRyq-N0kQqnTB-NTUwQ,"['breakfast', 'cheap']"
1526,X6mWr96ibKdXQSA6mpH90g,"['price', 'decent']"
1527,qR83gr56v7IjWEyfxAkg7A,"['breakfast', 'Great']"
1528,o_w69y1M6pkKetd1w43i_w,"['dish', 'only']"
1529,HUU_y-nnIWWIpqMlB-8L2Q,"['atmosphere', 'loud']"
1530,NkGQRN6ahwQoFEAlHq8NHg,"['food', 'GOOD']"
1531,Z5v1F-tAV897ZmM32N0wfQ,"['food', 'Indian']"
1532,k3VlKirVjVK6t6cDFvCOpw,"['order', 'large']"
1533,4zfrcEmGvZ4oYKx_revTxA,"['order', 'take-out']"
1534,VTyfRdPJS3AVZOWDXIAhyQ,"['dish', 'authentic']"
1535,dUi5Lg1Ay3HwK0p_ZaXNYg,"['dinner', 'large']"
1536,aozcOaCMwOHG8s-lbZ6_gA,"['food', 'Chinese']"
1537,TMq92PhrL-tQS3qOsNIXUA,"['price', 'full']"
1538,NuFs1Sh5wUa7ZLISMtCMRA,"['food', 'good']"
1539,s3D7EEo1Or4SsxRRjURJwg,"['service', 'Crappy']"
1540,QNo69O4cy6a3HGb6RrGWzA,"['meal', 'only']"
1541,oWb5JjxoPaFSmpGwJ3-Ntg,"['lunch', 'Mexican']"
1542,5Wej_VIpvaXhRTXrdpPQ6w,"['dinner', 'late']"
1543,le1IsRLrTq2Xo78RyFpsnw,"['service', 'speedy']"
1544,3DMvGD8ZmlMQmhwV66hdSA,"['food', 'Chinese']"
1545,rOHs19lhPWXiuPMHzNbJZg,"['food', 'spicy']"
1546,Zpl8mUrhJJizHHOhbP4bxQ,"['food', 'Mexican']"
1547,zsWJEyP8YyJkux0muGtiVw,"['dinner', 'good']"
1548,ehy9Vy1BKc9shO74chuUAQ,"['food', 'boxed']"
1549,iAYzRvyBrSkJDu_XZ-E1zQ,"['order', 'Placed']"
1550,tNdb_01AHU3O1_ISE2Mf1w,"['breakfast', 'Mexican']"
1551,oBVS96DtPGk9GU8zPx5Hjg,"['food', 'great']"
1552,aSW8D-uiz8mupVU8XNlZlw,"['meal', 'semi-healthy']"
1553,E0f8jFeNaL8ARG-vq3apVA,"['food', 'fresh']"
1554,0le8kj4gIHe9aZ1NfS2_Ag,"['service', 'slow']"
1555,_TWT58PWunYIyPgpz1fuog,"['food', 'good']"
1556,FtIZP3Jt-sri23CO84C4gw,"['quality', 'great']"
1557,k8q3ypIoIzchdp3RoRUsJw,"['food', 'good']"
1558,07OyvsOpqTWuyTtvE4_gcA,"['drinks', 'authentic']"
1559,omxi9nCCCM9OXVGsQQ1L5w,"['food', 'great']"
1560,b6ZagkhPwEwQCDBB7KkVPA,"['food', 'good']"
1561,u8bQvtkVa5lW-SNwRLH6Vg,"['price', 'reasonable']"
1562,W4eKE-fT24h_8b7apHh12g,"['food', 'Decent']"
1563,nd1hq7xxzrL_s420QqhDjw,"['order', 'free']"
1564,bx5Yc7-_E8wz3Lahpq88mQ,"['food', 'Overall']"
1565,5kB59vuc4yufpGNNrF3Efw,"['food', 'raw']"
1566,jZ58NvLSZ6oVYlRta1zUNQ,"['service', 'prompt']"
1567,yLfYR-PvIzAv9DnEH68Rgw,"['dish', 'best']"
1568,h26RO7jLyJ6YPHegwpQUPQ,"['dish', 'separate']"
1569,af7ZkF4r4ywWQF-QTXvsCA,"['breakfast', 'great']"
1570,CICu2tclxRB7JgW_I2a8rQ,"['food', 'good']"
1571,y75baZnoI51J8WS7NK9FHQ,"['lunch', 'quick']"
1572,4fO13y8cHH5Loaae7rnExA,"['drinks', 'simplest']"
1573,5WRpxAc9lvonVGfuX34hlw,"['food', 'cajun']"
1574,-b_VjHZmA7-8LVWp6z36VA,"['food', 'Mexican']"
1575,G5SASWuL_CVxpgwXXGC4DA,"['service', 'EXCELLENT']"
1576,74NT13vpDleoNrkxQdEpsQ,"['breakfast', 'big']"
1577,j7-YRDU63fw975an55zHGg,"['food', 'spicy']"
1578,4A628qyYpA4EhN6w6o-MYQ,"['lunch', 'quick']"
1579,gsNv5QNfuFnD8eMhejSmGg,"['order', 'easy']"
1580,oqZPXoenkQvAKQJ2pDCo0A,"['lunch', 'pricey']"
1581,3DCjixw25ebL2_sAvNUBUg,"['food', 'good']"
1582,VVPVg9aJzNczTgeM36TGJw,"['food', 'Greek']"
1583,YTR7zYN7F-zP98sqFTS2-g,"['lunch', 'same']"
1584,4XTcSltd2GydhvOzAV4SaQ,"['food', 'better']"
1585,bzXDUQ-5Odzx5WZNoSoANg,"['dinner', 'prepared']"
1586,0kcStBtW94p-ooaaA2PbIQ,"['food', 'fresh']"
1587,0bQiWdKxj2EmsGYRVC9qyA,"['food', 'Chinese']"
1588,3D8thbL2D2c3qTMeYROAOQ,"['dish', 'vegetarian']"
1589,fFlMAm0RBdfzrDfpicTPJg,"['food', 'next']"
1590,dYLlSj_SWwHg1aA3Km061w,"['food', 'hot']"
1591,IrKh06dXhLyiO4dVHGnLFA,"['order', 'special']"
1592,n_YHTTG0QIjZ3055wReefQ,"['food', 'Middle-Eastern']"
1593,4QtD359vkU7Jq8vP0uQEww,"['lunch', 'late']"
1594,PR5KXD_CUs05MGfXJ8CS3Q,"['food', 'free']"
1595,TWeA9VoP4hBSJtk3uHTEzg,"['drinks', 'good']"
1596,QMsUey4Xi1VfHkwbI8YxdQ,"['food', 'good']"
1597,f67EBuoqqgW4h1OcG_K7kA,"['food', 'Good']"
1598,04Jrd2zSzwHwmBqdKQDmIw,"['food', 'Good']"
1599,MLzh2-7zSnPdFmNcuSaaJQ,"['order', 'wrong']"
1600,x5Mv61CnZLohZWxfCVCPTQ,"['taste', 'legit']"
1601,m-zkVdThpPsJxj3pZ2C7aw,"['quality', 'same']"
1602,nq2nT6PapbrISfhGxfDEwg,"['food', 'Excellent']"
1603,uECIvsUWlDWSiJ9jAfH_kQ,"['meal', 'priced']"
1604,wftoNIA0Q8nX-Da47psBCA,"['lunch', 'nice']"
1605,W6624iddi14DsGokORyzcA,"['food', 'Indian']"
1606,MqnlCLq3b34Lq1Y7j7NY_Q,"['quality', 'good']"
1607,glalhJa7wFWPIoJLBvKGfQ,"['food', 'Mexican']"
1608,SBCxhkeiaXdjXECeFn-mtw,"['meal', 'reliable']"
1609,VBhgkRUNe9gjc1HpmHA3Zw,"['food', 'mexican']"
1610,zfY68t7nVihCwiCsCgM6cw,"['food', 'great']"
1611,iPxUYvC8tgt5rBr-IZlSeg,"['price', 'Great']"
1612,ikuXlYpFsaEs2xlvlopxQw,"['meal', 'good']"
1613,kgm46SAqlVObnRKjcyDMyA,"['dinner', 'quick']"
1614,W-9YqWhkfeK-K3xGFvFeuw,"['meal', 'filling']"
1615,2W2AwR-5z_jQ0Ihg9A5cPg,"['food', 'Vietnamese']"
1616,SIzUsf5x2RSkPwJS--A4Rw,"['price', 'normal']"
1617,62F17L8z4Q4S7U_TayuDBA,"['service', 'Fast']"
1618,4FBHwaMtMQ_x8RQoI2T-jw,"['food', 'Typical']"
1619,iZpgRNPogioU5sEaDyl5uw,"['dish', 'best']"
1620,KuZYMUUtzeSzliqAdCufNQ,"['price', 'affordable']"
1621,5uRaUf0eNyJgIdwAkIOM7Q,"['dish', 'same']"
1622,qw8tzQGrA0lGgDBsMHAr9w,"['food', 'Awesome']"
1623,Urz4uQvrig_aQ3k1tWcIjQ,"['food', 'Good']"
1624,3ddQnTTIY-mdsBMn9b53Cw,"['food', 'authentic']"
1625,VNAwZUh2pLSAn9oGpYBC7w,"['atmosphere', 'cheap']"
1626,VuPhv9CNIHLOzS2JeDwLOA,"['food', 'stop-esque']"
1627,eK6KGMKqU_4nB9RdayZD7Q,"['meal', 'decent']"
1628,4RsM5U2poPyQZsaefj85lA,"['food', 'chinese']"
1629,VYUfIfAlU1KuYGC6ITRY3A,"['service', 'good']"
1630,0hYTkJtgQGu-ysCZnmFZDQ,"['food', 'great']"
1631,nRzZac3LVgANpKPkDs4LSQ,"['drinks', 'small']"
1632,n0OIZOmu5rOWSJ0-l4b6mw,"['dinner', 'early']"
1633,STrl6J58mZYOlLLJ8Z-DbQ,"['food', 'bad']"
1634,k83LpHfy9j05POm4rxBVSA,"['food', 'Chinese']"
1635,-p-9eBYvts8tcalo5IWOKw,"['food', 'Good']"
1636,_oylByc6iTONI5lokMfYHQ,"['food', 'satisfactory']"
1637,r_zSKJm5f_x79IXx27mtRw,"['service', 'pathetic']"
1638,U9iWs_XQ88IEj_Cgawyz4w,"['meal', 'tasty']"
1639,udVKZfBZ3IyZf_mlTy0law,"['price', 'good']"
1640,yDBhFRmDuEwvpE8J6NlkHQ,"['quality', 'high']"
1641,POeD16f2dqnQTO3vYZ0JKg,"['food', 'Peruvian']"
1642,48GT-uIRnHp3rHvdRsgC_Q,"['food', 'good']"
1643,QQplckr0yVO-8DSPFpbGBQ,"['dinner', 'late']"
1644,4JbQSLiRKQudjDn9fYyEiw,"['dinner', 'cheap']"
1645,DacThWipWrC-vx0jIelNGw,"['food', 'Chinese']"
1646,PaSVgXHxbywiEqpv4kap3g,"['food', 'American']"
1647,a2tYDQ1LyBvvTAPwvXmGOw,"['food', 'delicious']"
1648,FsRAzLD7ipg5iez7kY1b4g,"['food', 'Good']"
1649,BBt7Mx9CbhTxJo88QGuErw,"['food', 'Mexican']"
1650,LmbVSU7Diel5lR2b6AS5SA,"['food', 'Mexican']"
1651,gw-V13MyfzFaCTbALfnn2Q,"['food', 'Decent']"
1652,fgVwzwERnAicqg38PawxsA,"['service', 'good']"
1653,9tefv6uPxoHhp_OlQQJVXA,"['food', 'Chinese']"
1654,eO-o7FRjNEzcSEG8pakkzA,"['service', 'good']"
1655,DeAnVirgOxQnI36V1W158A,"['food', 'Mexican']"
1656,4yFqLSaKpWE7O_ATQ2BqrA,"['quality', 'same']"
1657,Q337sJLaPPiKCsoIoSEWGg,"['service', 'top']"
1658,1wMVNdQKotnWI81xW-ZUcA,"['service', 'good']"
1659,v23YpYZlCpy3fFZsOK8ShQ,"['food', 'thai']"
1660,lbECi2rbJPZWzHdmrC9xAA,"['food', 'asian']"
1661,RGDyf8-PyzyS9Lzs9bkvgA,"['service', 'poor']"
1662,2DOJ2GyphXQf_f3OKJEPzw,"['food', 'good']"
1663,CdqTxe171tKTOkk8T15GGA,"['drinks', 'excellent']"
1664,AuGGWt7dV11fRBl_LPQGwg,"['atmosphere', 'nostalgic']"
1665,4aHi_FH2eP9c25Smb35AZg,"['food', 'good']"
1666,aDgvx-OlL69ltaOAxN4VZQ,"['food', 'good']"
1667,dZ7915F-dAKPJZQJwJDSVA,"['drinks', 'good']"
1668,YUdx9Fso7w8Js8XDc4zI1Q,"['price', 'great']"
1669,g5csdtYUt97hkexFMCVf-g,"['food', 'fast']"
1670,GwZOmsskHQRUJcGYP1VW4w,"['service', 'bad']"
1671,U9hKUngQjWw9ZE6Znwergg,"['food', 'bland']"
1672,CHCm6hbR4KSstbifFdCOpw,"['food', 'Mexican']"
1673,UCEAhciqe8avW1N-bWJ32g,"['atmosphere', 'relaxed']"
1674,72pUqCkncwVVn65cIiX8aA,"['service', 'fast']"
1675,VC0VbRhQqvXpolK3pFuZPw,"['drinks', 'strong']"
1676,7PS_ozDjv5NnpdZGcOsDvQ,"['dish', 'last']"
1677,UksBiIoqV0sr4kcqBOE4nQ,"['order', 'correct']"
1678,M6SQ1dITqcuj-sAvg8_ITg,"['food', 'fried']"
1679,KVOsmfgWSbtTTKxNkXB1Bw,"['breakfast', 'full']"
1680,rUfhe6qibE1W-80PqDHZCw,"['food', 'vegan']"
1681,gw1G9caRnvpTA7N079eFCA,"['taste', 'same']"
1682,1FiymySkWsWxDNaUAP1LuQ,"['food', 'less']"
1683,2oYhEHgSDLqYXYlAqnChuw,"['breakfast', 'routine']"
1684,xEBqFdQf5BJO1HjeuZ1fMA,"['lunch', 'late']"
1685,n6Hau_a7miaQtlb6gC2boQ,"['price', 'great']"
1686,VWJqohlU4cXYIpNwYQY-wg,"['meal', 'quick']"
1687,pmeuHPOyP2bDq43ASY7e0A,"['food', 'decent']"
1688,MHPXDXVE_cUYodfPhkadeQ,"['breakfast', 'wonderful']"
1689,cYvfynvj9arUMgjUuGxExg,"['food', 'frozen']"
1690,xVsxFJlEQ_L-LoJU1U8A-A,"['atmosphere', 'pink']"
1691,rw7JAQHE5Kpgs6YUMBeaBA,"['food', 'tasty']"
1692,kFUku0uG1OzQ4OFC__FyHQ,"['food', 'Chinese']"
1693,7iFL3b8m4PT0kxosv-SB_A,"['lunch', 'great']"
1694,g38ugtf1IpXPApgA690baw,"['food', 'Bad']"
1695,nlbZs9GkO_ZJk3qg9ZBSxw,"['lunch', 'ideal']"
1696,E_TSzYjABEzD6DXsvjZnsg,"['food', 'hot']"
1697,hCrgxGV0uilNV_tMHD-1fQ,"['order', 'online']"
1698,MsaOqCJY2EkaMqlDNKYKxw,"['meal', 'entire']"
1699,RBvQPI6xn2GmiAOnhirBUw,"['food', 'Italian']"
1700,jSEcE8AY-mzGq9EOiyrtng,"['service', 'great']"
1701,FALYFv-KuziGr3D52qmeHg,"['food', 'delicious']"
1702,WBxuIQsxGl7vNe5MXYszCA,"['dish', 'deep']"
1703,hlekz2L2HV8cVSEkgMvuEA,"['food', 'Great']"
1704,ZNJCdBQ4YO8s8mGanIz11g,"['service', 'friendly']"
1705,kZxE9Td05pGFqvsqzYxeSw,"['food', 'fast']"
1706,EqyNGesG22jNfNT5pmfYgw,"['food', 'great']"
1707,8aPTQeDYOMNEu907WfflCQ,"['order', 'wrong']"
1708,IaYdq2m9E8xB928p0mR8UQ,"['food', 'Worse']"
1709,AdRlwKxtEh30Urmvi0Xk5w,"['quality', 'lower']"
1710,eg57kF41MBs5RC1vDDRk9Q,"['lunch', 'late']"
1711,FmYqqKczAh0s2m2LCOTm7Q,"['atmosphere', 'Great']"
1712,ous0x-3S_tJQOyel229Jgw,"['food', 'Good']"
1713,gtVQ_gwug7QQ4MW72T4jxA,"['drinks', 'few']"
1714,YDeM8-M4GwxyymCoV7Y-Tg,"['service', 'efficient']"
1715,oPH_GZyKw_QzPAV-TG0x1A,"['food', 'Great']"
1716,Lq0kV5Tp6QcAMP-OOnHCtA,"['dinner', 'quick']"
1717,-7XuLxfYwZ9x72mEKXdv0A,"['food', 'Chinese']"
1718,fkNFdhg5QvsgXFLTlwTlzA,"['service', 'Incredible']"
1719,JA7igi_k1pm3EK9K7D5EJA,"['meal', 'planned']"
1720,4SviSw8uRF0ddj_HxUVnuA,"['food', 'great']"
1721,En2GuQV7FoOGHhXX5SMEBg,"['food', 'fast']"
1722,P8nxceIIh7XBuEwLWwrSyw,"['lunch', 'plus']"
1723,m14pIWedGiHi9_aWAIXEew,"['food', 'Fantastic']"
1724,FRiT2RI6Y1nds1jjZqvnXQ,"['breakfast', 'average']"
1725,xdmT9sejRDEyud8YFbEcjg,"['price', 'as']"
1726,5nddZwZzT7pvC5vBjKRzoA,"['food', 'fast']"
1727,W1yep4yDSoLbDFIL4Avz5w,"['food', 'lackluster']"
1728,AZAd_Zhv4UiJZ1x2FRPqIA,"['dish', 'same']"
1729,pytGIsvsxzC64BbYhFHVjw,"['food', 'Mexican']"
1730,ishjLG3Sc94ZOelXZZhaIw,"['food', 'Asian']"
1731,VZj6-23HOUwbVNePEsJrYg,"['food', 'awesome']"
1732,oxMOHPMVMZ5lMPT022MZ-A,"['food', 'Asian']"
1733,pV2nc4WPWKtoyeBBOxF-6Q,"['food', 'more']"
1734,DScAYRPPKaqt1NBkCbibHg,"['food', 'cold']"
1735,YkFQ1mj86QYPr3CWXRIsDQ,"['service', 'FRIENDLY']"
1736,nseCVrqIJ6GLdSz6dn4fkA,"['drinks', 'few']"
1737,bT3WuL-tlyDzn-hjJnxZbg,"['food', 'good']"
1738,DPXobjIYxAhcpn-GiNVd2w,"['dinner', 'light']"
1739,u6zEuzi4S0AtJBtKGZPxhQ,"['meal', 'best']"
1740,JIlCjl73CKz0MeAsvY15xQ,"['food', 'good']"
1741,Ou21lwEBBlUNG3JRAFWFAA,"['service', 'worst']"
