Id,Label
1,pos
2,neg
3,pos
4,pos
5,pos
6,pos
7,neg
8,pos
9,pos
10,pos
11,pos
12,neg
13,neg
14,pos
15,pos
16,pos
17,pos
18,pos
19,neg
20,pos
21,neg
22,neg
23,pos
24,pos
25,pos
26,neg
27,neg
28,pos
29,pos
30,neg
31,pos
32,pos
33,neg
34,pos
35,pos
36,pos
37,pos
38,pos
39,pos
40,pos
41,pos
42,pos
43,pos
44,pos
45,pos
46,pos
47,neg
48,neg
49,neg
50,neg
51,pos
52,pos
53,pos
54,pos
55,pos
56,pos
57,pos
58,pos
59,pos
60,pos
61,pos
62,pos
63,pos
64,pos
65,pos
66,neg
67,pos
68,neg
69,pos
70,pos
71,pos
72,neg
73,pos
74,pos
75,pos
76,pos
77,neg
78,pos
79,neg
80,pos
81,neg
82,pos
83,neg
84,pos
85,pos
86,pos
87,pos
88,pos
89,neg
90,neg
91,neg
92,neg
93,pos
94,pos
95,pos
96,neg
97,pos
98,pos
99,pos
100,neg
101,pos
102,pos
103,pos
104,neg
105,neg
106,pos
107,pos
108,pos
109,pos
110,pos
111,neg
112,pos
113,pos
114,pos
115,neg
116,pos
117,neg
118,pos
119,pos
120,neg
121,pos
122,pos
123,neg
124,pos
125,pos
126,pos
127,pos
128,pos
129,pos
130,pos
131,pos
132,pos
133,neg
134,pos
135,pos
136,pos
137,pos
138,pos
139,neg
140,pos
141,neg
142,pos
143,pos
144,pos
145,pos
146,pos
147,pos
148,pos
149,pos
150,pos
151,pos
152,pos
153,pos
154,neg
155,pos
156,pos
157,pos
158,pos
159,pos
160,pos
161,pos
162,pos
163,pos
164,pos
165,pos
166,pos
167,pos
168,pos
169,neg
170,pos
171,pos
172,pos
173,pos
174,pos
175,pos
176,pos
177,neg
178,neg
179,pos
180,pos
181,pos
182,pos
183,pos
184,pos
185,neg
186,pos
187,pos
188,pos
189,pos
190,pos
191,pos
192,neg
193,pos
194,neg
195,pos
196,pos
197,pos
198,pos
199,neg
200,pos
201,pos
202,pos
203,neg
204,pos
205,pos
206,neg
207,pos
208,pos
209,neg
210,pos
211,neg
212,neg
213,pos
214,pos
215,pos
216,pos
217,pos
218,pos
219,pos
220,pos
221,pos
222,pos
223,pos
224,pos
225,pos
226,pos
227,neg
228,pos
229,pos
230,pos
231,neg
232,neg
233,neg
234,pos
235,pos
236,pos
237,pos
238,pos
239,pos
240,pos
241,pos
242,pos
243,pos
244,neg
245,pos
246,pos
247,neg
248,pos
249,neg
250,pos
251,pos
252,pos
253,pos
254,pos
255,pos
256,neg
257,pos
258,pos
259,pos
260,pos
261,pos
262,pos
263,pos
264,pos
265,neg
266,pos
267,pos
268,neg
269,neg
270,pos
271,neg
272,pos
273,pos
274,neg
275,pos
276,pos
277,pos
278,pos
279,pos
280,neg
281,neg
282,pos
283,neg
284,neg
285,pos
286,pos
287,pos
288,pos
289,pos
290,pos
291,pos
292,pos
293,neg
294,pos
295,pos
296,pos
297,pos
298,neg
299,pos
300,pos
301,pos
302,pos
303,pos
304,pos
305,neg
306,pos
307,pos
308,pos
309,pos
310,pos
311,pos
312,pos
313,neg
314,pos
315,neg
316,pos
317,pos
318,pos
319,neg
320,neg
321,pos
322,pos
323,pos
324,pos
325,neg
326,pos
327,pos
328,pos
329,pos
330,pos
331,pos
332,pos
333,pos
334,pos
335,pos
336,pos
337,pos
338,neg
339,neg
340,pos
341,neg
342,pos
343,pos
344,pos
345,pos
346,pos
347,pos
348,pos
349,pos
350,pos
351,pos
352,pos
353,pos
354,neg
355,neg
356,pos
357,pos
358,pos
359,neg
360,pos
361,pos
362,pos
363,neg
364,pos
365,pos
366,pos
367,pos
368,pos
369,pos
370,pos
371,pos
372,pos
373,pos
374,pos
375,pos
376,pos
377,pos
378,pos
379,neg
380,pos
381,pos
382,pos
383,neg
384,pos
385,neg
386,pos
387,pos
388,pos
389,neg
390,pos
391,neg
392,pos
393,pos
394,pos
395,pos
396,neg
397,pos
398,pos
399,neg
400,pos
401,pos
402,neg
403,pos
404,pos
405,neg
406,neg
407,neg
408,pos
409,neg
410,pos
411,pos
412,neg
413,pos
414,pos
415,pos
416,neg
417,neg
418,neg
419,pos
420,pos
421,pos
422,neg
423,pos
424,neg
425,pos
426,pos
427,neg
428,pos
429,neg
430,pos
431,pos
432,pos
433,pos
434,pos
435,pos
436,pos
437,neg
438,pos
439,pos
440,pos
441,neg
442,pos
443,neg
444,pos
445,pos
446,pos
447,pos
448,pos
449,neg
450,pos
451,pos
452,pos
453,pos
454,pos
455,pos
456,pos
457,pos
458,pos
459,neg
460,pos
461,pos
462,pos
463,pos
464,pos
465,neg
466,pos
467,pos
468,pos
469,pos
470,neg
471,pos
472,pos
473,pos
474,pos
475,pos
476,pos
477,pos
478,pos
479,neg
480,pos
481,pos
482,pos
483,neg
484,pos
485,pos
486,neg
487,pos
488,pos
489,pos
490,neg
491,pos
492,pos
493,neg
494,pos
495,neg
496,neg
497,pos
498,pos
499,pos
500,neg
501,pos
502,pos
503,neg
504,neg
505,pos
506,pos
507,pos
508,pos
509,pos
510,pos
511,pos
512,pos
513,neg
514,neg
515,pos
516,pos
517,pos
518,neg
519,pos
520,pos
521,pos
522,pos
523,pos
524,pos
525,neg
526,pos
527,neg
528,neg
529,pos
530,neg
531,pos
532,neg
533,pos
534,pos
535,neg
536,pos
537,pos
538,neg
539,pos
540,pos
541,pos
542,neg
543,pos
544,neg
545,pos
546,pos
547,neg
548,pos
549,pos
550,neg
551,neg
552,pos
553,pos
554,pos
555,pos
556,pos
557,neg
558,neg
559,neg
560,neg
561,pos
562,pos
563,pos
564,pos
565,neg
566,pos
567,pos
568,pos
569,pos
570,pos
571,pos
572,pos
573,pos
574,neg
575,pos
576,pos
577,pos
578,neg
579,pos
580,neg
581,pos
582,pos
583,neg
584,pos
585,pos
586,pos
587,pos
588,pos
589,pos
590,pos
591,pos
592,neg
593,pos
594,pos
595,pos
596,pos
597,pos
598,neg
599,pos
600,pos
601,pos
602,pos
603,pos
604,pos
605,neg
606,neg
607,neg
608,pos
609,pos
610,pos
611,pos
612,pos
613,pos
614,pos
615,pos
616,neg
617,pos
618,pos
619,pos
620,pos
621,neg
622,neg
623,pos
624,pos
625,pos
626,neg
627,neg
628,pos
629,pos
630,neg
631,pos
632,pos
633,neg
634,pos
635,pos
636,pos
637,pos
638,pos
639,pos
640,pos
641,pos
642,pos
643,neg
644,neg
645,pos
646,neg
647,pos
648,pos
649,pos
650,pos
651,pos
652,pos
653,pos
654,pos
655,neg
656,pos
657,neg
658,neg
659,neg
660,pos
661,pos
662,pos
663,pos
664,pos
665,neg
666,pos
667,pos
668,neg
669,pos
670,pos
671,pos
672,pos
673,neg
674,neg
675,pos
676,pos
677,pos
678,pos
679,pos
680,pos
681,pos
682,neg
683,pos
684,pos
685,neg
686,pos
687,pos
688,pos
689,pos
690,pos
691,neg
692,pos
693,pos
694,pos
695,pos
696,pos
697,pos
698,pos
699,neg
700,pos
701,neg
702,pos
703,pos
704,neg
705,pos
706,pos
707,pos
708,neg
709,pos
710,pos
711,pos
712,pos
713,pos
714,pos
715,pos
716,pos
717,neg
718,pos
719,neg
720,pos
721,pos
722,pos
723,pos
724,neg
725,neg
726,pos
727,pos
728,pos
729,pos
730,pos
731,neg
732,pos
733,pos
734,neg
735,neg
736,neg
737,pos
738,neg
739,neg
740,neg
741,pos
742,pos
743,pos
744,neg
745,pos
746,pos
747,pos
748,pos
749,pos
750,pos
751,pos
752,pos
753,pos
754,pos
755,neg
756,neg
757,pos
758,pos
759,pos
760,neg
761,pos
762,neg
763,pos
764,pos
765,pos
766,pos
767,pos
768,neg
769,neg
770,pos
771,pos
772,pos
773,pos
774,neg
775,neg
776,pos
777,pos
778,pos
779,neg
780,pos
781,pos
782,neg
783,pos
784,neg
785,pos
786,pos
787,pos
788,pos
789,pos
790,pos
791,pos
792,pos
793,pos
794,neg
795,neg
796,pos
797,pos
798,pos
799,neg
800,pos
801,neg
802,pos
803,pos
804,pos
805,pos
806,neg
807,pos
808,pos
809,pos
810,pos
811,neg
812,neg
813,pos
814,pos
815,pos
816,pos
817,neg
818,neg
819,pos
820,pos
821,neg
822,neg
823,pos
824,pos
825,pos
826,pos
827,neg
828,pos
829,pos
830,neg
831,pos
832,pos
833,pos
834,neg
835,pos
836,pos
837,pos
838,pos
839,neg
840,pos
841,pos
842,neg
843,pos
844,neg
845,pos
846,pos
847,pos
848,pos
849,pos
850,pos
851,pos
852,neg
853,pos
854,pos
855,pos
856,neg
857,pos
858,neg
859,pos
860,neg
861,pos
862,pos
863,pos
864,pos
865,neg
866,pos
867,pos
868,pos
869,neg
870,pos
871,pos
872,pos
873,neg
874,pos
875,neg
876,pos
877,pos
878,pos
879,pos
880,pos
881,pos
882,pos
883,pos
884,pos
885,neg
886,pos
887,neg
888,pos
889,pos
890,pos
891,neg
892,neg
893,pos
894,pos
895,pos
896,pos
897,neg
898,pos
899,neg
900,pos
901,neg
902,pos
903,neg
904,pos
905,pos
906,pos
907,pos
908,pos
909,pos
910,neg
911,pos
912,pos
913,pos
914,pos
915,pos
916,neg
917,pos
918,neg
919,pos
920,pos
921,pos
922,pos
923,pos
924,pos
925,pos
926,pos
927,pos
928,pos
929,pos
930,pos
931,pos
932,neg
933,neg
934,pos
935,pos
936,pos
937,neg
938,pos
939,pos
940,pos
941,neg
942,neg
943,pos
944,pos
945,pos
946,pos
947,pos
948,neg
949,neg
950,pos
951,pos
952,pos
953,pos
954,pos
955,pos
956,pos
957,pos
958,pos
959,pos
960,pos
961,pos
962,pos
963,pos
964,neg
965,pos
966,pos
967,pos
968,pos
969,pos
970,pos
971,neg
972,neg
973,pos
974,pos
975,neg
976,pos
977,pos
978,pos
979,neg
980,pos
981,pos
982,neg
983,neg
984,pos
985,pos
986,neg
987,neg
988,pos
989,pos
990,pos
991,neg
992,pos
993,pos
994,pos
995,pos
996,neg
997,pos
998,pos
999,neg
1000,pos
1001,neg
1002,pos
1003,pos
1004,pos
1005,pos
1006,pos
1007,pos
1008,pos
1009,pos
1010,neg
1011,neg
1012,pos
1013,neg
1014,pos
1015,pos
1016,pos
1017,pos
1018,pos
1019,neg
1020,neg
1021,pos
1022,neg
1023,neg
1024,pos
1025,pos
1026,neg
1027,pos
1028,neg
1029,pos
1030,neg
1031,pos
1032,neg
1033,neg
1034,neg
1035,pos
1036,pos
1037,pos
1038,neg
1039,pos
1040,neg
1041,pos
1042,pos
1043,pos
1044,pos
1045,pos
1046,pos
1047,pos
1048,neg
1049,pos
1050,pos
1051,pos
1052,pos
1053,neg
1054,pos
1055,pos
1056,neg
1057,pos
1058,pos
1059,pos
1060,neg
1061,pos
1062,pos
1063,pos
1064,pos
1065,pos
1066,pos
1067,pos
1068,pos
1069,pos
1070,pos
1071,pos
1072,pos
1073,pos
1074,pos
1075,pos
1076,pos
1077,pos
1078,pos
1079,pos
1080,pos
1081,pos
1082,neg
1083,neg
1084,pos
1085,pos
1086,pos
1087,neg
1088,pos
1089,pos
1090,pos
1091,pos
1092,neg
1093,neg
1094,neg
1095,pos
1096,pos
1097,pos
1098,pos
1099,neg
1100,pos
1101,neg
1102,neg
1103,pos
1104,pos
1105,neg
1106,pos
1107,neg
1108,neg
1109,pos
1110,neg
1111,neg
1112,pos
1113,pos
1114,pos
1115,neg
1116,neg
1117,pos
1118,pos
1119,neg
1120,pos
1121,pos
1122,neg
1123,pos
1124,pos
1125,pos
1126,pos
1127,pos
1128,pos
1129,pos
1130,pos
1131,pos
1132,pos
1133,pos
1134,pos
1135,pos
1136,pos
1137,pos
1138,pos
1139,pos
1140,pos
1141,pos
1142,neg
1143,pos
1144,pos
1145,pos
1146,pos
1147,pos
1148,pos
1149,pos
1150,pos
1151,pos
1152,pos
1153,pos
1154,pos
1155,pos
1156,pos
1157,pos
1158,pos
1159,pos
1160,neg
1161,neg
1162,pos
1163,pos
1164,neg
1165,neg
1166,pos
1167,pos
1168,pos
1169,pos
1170,pos
1171,pos
1172,pos
1173,pos
1174,pos
1175,pos
1176,pos
1177,neg
1178,pos
1179,pos
1180,pos
1181,pos
1182,neg
1183,pos
1184,pos
1185,pos
1186,pos
1187,pos
1188,pos
1189,pos
1190,neg
1191,pos
1192,pos
1193,pos
1194,pos
1195,pos
1196,pos
1197,neg
1198,neg
1199,pos
1200,pos
1201,pos
1202,pos
1203,neg
1204,pos
1205,pos
1206,pos
1207,pos
1208,neg
1209,pos
1210,pos
1211,pos
1212,pos
1213,pos
1214,pos
1215,pos
1216,pos
1217,pos
1218,neg
1219,neg
1220,pos
1221,pos
1222,pos
1223,pos
1224,pos
1225,neg
1226,pos
1227,pos
1228,pos
1229,pos
1230,pos
1231,neg
1232,pos
1233,pos
1234,pos
1235,neg
1236,neg
1237,pos
1238,pos
1239,pos
1240,pos
1241,pos
1242,pos
1243,pos
1244,pos
1245,neg
1246,neg
1247,pos
1248,pos
1249,pos
1250,pos
1251,pos
1252,pos
1253,pos
1254,neg
1255,pos
1256,pos
1257,neg
1258,pos
1259,pos
1260,pos
1261,pos
1262,pos
1263,neg
1264,neg
1265,pos
1266,pos
1267,pos
1268,pos
1269,neg
1270,pos
1271,neg
1272,pos
1273,neg
1274,pos
1275,pos
1276,pos
1277,neg
1278,pos
1279,pos
1280,pos
1281,pos
1282,pos
1283,neg
1284,neg
1285,pos
1286,neg
1287,pos
1288,pos
1289,neg
1290,pos
1291,neg
1292,pos
1293,pos
1294,pos
1295,pos
1296,pos
1297,pos
1298,pos
1299,neg
1300,pos
1301,pos
1302,pos
1303,neg
1304,pos
1305,pos
1306,neg
1307,pos
1308,pos
1309,pos
1310,pos
1311,pos
1312,pos
1313,pos
1314,pos
1315,pos
1316,neg
1317,pos
1318,pos
1319,pos
1320,pos
1321,pos
1322,neg
1323,neg
1324,pos
1325,pos
1326,pos
1327,neg
1328,pos
1329,pos
1330,pos
1331,neg
1332,neg
1333,pos
1334,pos
1335,neg
1336,pos
1337,neg
1338,neg
1339,pos
1340,neg
1341,pos
1342,pos
1343,pos
1344,pos
1345,pos
1346,pos
1347,pos
1348,neg
1349,pos
1350,pos
1351,pos
1352,neg
1353,pos
1354,neg
1355,neg
1356,pos
1357,pos
1358,neg
1359,neg
1360,pos
1361,pos
1362,pos
1363,pos
1364,pos
1365,pos
1366,neg
1367,pos
1368,pos
1369,pos
1370,neg
1371,pos
1372,pos
1373,pos
1374,pos
1375,pos
1376,neg
1377,pos
1378,pos
1379,pos
1380,pos
1381,neg
1382,pos
1383,neg
1384,pos
1385,pos
1386,pos
1387,pos
1388,pos
1389,pos
1390,pos
1391,neg
1392,pos
1393,neg
1394,neg
1395,pos
1396,neg
1397,pos
1398,pos
1399,neg
1400,pos
1401,pos
1402,neg
1403,pos
1404,pos
1405,neg
1406,neg
1407,pos
1408,pos
1409,neg
1410,pos
1411,pos
1412,neg
1413,pos
1414,neg
1415,pos
1416,pos
1417,pos
1418,neg
1419,pos
1420,pos
1421,pos
1422,pos
1423,pos
1424,neg
1425,neg
1426,pos
1427,pos
1428,pos
1429,pos
1430,pos
1431,neg
1432,pos
1433,neg
1434,pos
1435,pos
1436,neg
1437,pos
1438,pos
1439,neg
1440,neg
1441,pos
1442,neg
1443,pos
1444,pos
1445,pos
1446,pos
1447,pos
1448,pos
1449,pos
1450,neg
1451,pos
1452,pos
1453,pos
1454,pos
1455,neg
1456,pos
1457,pos
1458,neg
1459,pos
1460,pos
1461,pos
1462,pos
1463,neg
1464,pos
1465,pos
1466,neg
1467,pos
1468,pos
1469,pos
1470,neg
1471,pos
1472,neg
1473,pos
1474,pos
1475,pos
1476,pos
1477,pos
1478,pos
1479,pos
1480,pos
1481,pos
1482,pos
1483,neg
1484,pos
1485,neg
1486,neg
1487,pos
1488,pos
1489,neg
1490,pos
1491,pos
1492,neg
1493,neg
1494,pos
1495,pos
1496,pos
1497,pos
1498,pos
1499,pos
1500,pos
1501,pos
1502,pos
1503,pos
1504,pos
1505,neg
1506,neg
1507,neg
1508,pos
1509,neg
1510,pos
1511,pos
1512,pos
1513,neg
1514,neg
1515,pos
1516,neg
1517,pos
1518,pos
1519,pos
1520,pos
1521,pos
1522,neg
1523,pos
1524,pos
1525,pos
1526,pos
1527,pos
1528,pos
1529,pos
1530,pos
1531,pos
1532,neg
1533,pos
1534,neg
1535,pos
1536,neg
1537,pos
1538,pos
1539,pos
1540,pos
1541,neg
1542,pos
1543,pos
1544,neg
1545,pos
1546,pos
1547,pos
1548,pos
1549,pos
1550,neg
1551,pos
1552,pos
1553,pos
1554,neg
1555,pos
1556,neg
1557,neg
1558,pos
1559,pos
1560,pos
1561,pos
1562,pos
1563,neg
1564,pos
1565,neg
1566,pos
1567,neg
1568,pos
1569,neg
1570,pos
1571,pos
1572,pos
1573,pos
1574,pos
1575,pos
1576,neg
1577,pos
1578,pos
1579,pos
1580,pos
1581,neg
1582,pos
1583,pos
1584,pos
1585,pos
1586,pos
1587,neg
1588,pos
1589,pos
1590,pos
1591,pos
1592,pos
1593,pos
1594,pos
1595,pos
1596,pos
1597,neg
1598,neg
1599,neg
1600,pos
1601,pos
1602,pos
1603,neg
1604,pos
1605,pos
1606,neg
1607,neg
1608,pos
1609,pos
1610,neg
1611,pos
1612,pos
1613,pos
1614,neg
1615,pos
1616,pos
1617,pos
1618,neg
1619,pos
1620,pos
1621,pos
1622,neg
1623,pos
1624,neg
1625,neg
1626,neg
1627,pos
1628,pos
1629,pos
1630,pos
1631,neg
1632,pos
1633,pos
1634,pos
1635,pos
1636,pos
1637,pos
1638,pos
1639,pos
1640,pos
1641,neg
1642,pos
1643,pos
1644,pos
1645,neg
1646,pos
1647,neg
1648,neg
1649,pos
1650,neg
1651,neg
1652,pos
1653,pos
1654,neg
1655,pos
1656,pos
1657,pos
1658,pos
1659,neg
1660,neg
1661,pos
1662,pos
1663,pos
1664,pos
1665,neg
1666,pos
1667,pos
1668,pos
1669,pos
1670,neg
1671,pos
1672,pos
1673,pos
1674,pos
1675,pos
1676,pos
1677,neg
1678,pos
1679,pos
1680,pos
1681,neg
1682,neg
1683,neg
1684,pos
1685,pos
1686,pos
1687,pos
1688,neg
1689,pos
1690,neg
1691,neg
1692,pos
1693,pos
1694,pos
1695,pos
1696,pos
1697,pos
1698,pos
1699,pos
1700,neg
1701,pos
1702,neg
1703,pos
1704,pos
1705,pos
1706,pos
1707,pos
1708,neg
1709,pos
1710,pos
1711,pos
1712,pos
1713,pos
1714,pos
1715,pos
1716,neg
1717,pos
1718,pos
1719,pos
1720,neg
1721,neg
1722,pos
1723,pos
1724,neg
1725,pos
1726,pos
1727,neg
1728,pos
1729,pos
1730,pos
1731,pos
1732,pos
1733,pos
1734,neg
1735,pos
1736,pos
1737,neg
1738,pos
1739,neg
1740,pos
1741,neg
1742,pos
1743,neg
1744,pos
1745,neg
1746,pos
1747,pos
1748,neg
1749,pos
1750,pos
1751,pos
1752,pos
1753,pos
1754,pos
1755,pos
1756,pos
1757,pos
1758,pos
1759,pos
1760,pos
1761,pos
1762,pos
1763,neg
1764,neg
1765,pos
1766,pos
1767,pos
1768,pos
1769,pos
1770,neg
1771,pos
1772,pos
1773,pos
1774,pos
1775,pos
1776,pos
1777,pos
1778,neg
1779,pos
1780,pos
1781,pos
1782,neg
1783,pos
1784,pos
1785,neg
1786,pos
1787,pos
1788,pos
1789,pos
1790,neg
1791,neg
1792,pos
1793,pos
1794,pos
1795,neg
1796,pos
1797,pos
1798,pos
1799,pos
1800,pos
1801,pos
1802,pos
1803,pos
1804,pos
1805,pos
1806,pos
1807,neg
1808,neg
1809,pos
1810,pos
1811,neg
1812,pos
1813,pos
1814,pos
1815,pos
1816,pos
1817,pos
1818,pos
1819,pos
1820,neg
1821,pos
1822,pos
1823,pos
1824,neg
1825,pos
1826,pos
1827,pos
1828,pos
1829,pos
1830,pos
1831,pos
1832,pos
1833,pos
1834,pos
1835,pos
1836,pos
1837,pos
1838,pos
1839,neg
1840,pos
1841,pos
1842,pos
1843,neg
1844,neg
1845,neg
1846,pos
1847,neg
1848,pos
1849,neg
1850,neg
1851,neg
1852,pos
1853,pos
1854,pos
1855,pos
1856,pos
1857,neg
1858,pos
1859,pos
1860,pos
1861,pos
1862,pos
1863,pos
1864,neg
1865,neg
1866,pos
1867,pos
1868,pos
1869,neg
1870,pos
1871,pos
1872,pos
1873,pos
1874,neg
1875,pos
1876,pos
1877,pos
1878,pos
1879,pos
1880,pos
1881,neg
1882,neg
1883,pos
1884,pos
1885,pos
1886,pos
1887,pos
1888,pos
1889,pos
1890,pos
1891,pos
1892,pos
1893,pos
1894,pos
1895,pos
1896,neg
1897,pos
1898,neg
1899,pos
1900,pos
1901,neg
1902,pos
1903,pos
1904,pos
1905,neg
1906,pos
1907,pos
1908,pos
1909,pos
1910,neg
1911,pos
1912,pos
1913,pos
1914,pos
1915,neg
1916,pos
1917,neg
1918,pos
1919,pos
1920,pos
1921,pos
1922,pos
1923,pos
1924,neg
1925,pos
1926,pos
1927,pos
1928,pos
1929,pos
1930,pos
1931,pos
1932,pos
1933,pos
1934,pos
1935,pos
1936,neg
1937,pos
1938,pos
1939,pos
1940,pos
1941,pos
1942,pos
1943,pos
1944,pos
1945,neg
1946,neg
1947,pos
1948,pos
1949,pos
1950,pos
1951,pos
1952,pos
1953,pos
1954,pos
1955,pos
1956,pos
1957,pos
1958,neg
1959,neg
1960,pos
1961,pos
1962,pos
1963,pos
1964,pos
1965,neg
1966,neg
1967,pos
1968,neg
1969,pos
1970,pos
1971,neg
1972,neg
1973,pos
1974,neg
1975,pos
1976,pos
1977,pos
1978,neg
1979,pos
1980,neg
1981,pos
1982,pos
1983,pos
1984,pos
1985,pos
1986,pos
1987,pos
1988,pos
1989,pos
1990,neg
1991,pos
1992,pos
1993,pos
1994,pos
1995,pos
1996,pos
1997,neg
1998,pos
1999,neg
2000,pos
2001,pos
2002,pos
2003,neg
2004,pos
2005,pos
2006,pos
2007,pos
2008,pos
2009,pos
2010,pos
2011,pos
2012,neg
2013,neg
2014,pos
2015,pos
2016,pos
2017,pos
2018,neg
2019,neg
2020,pos
2021,pos
2022,pos
2023,pos
2024,pos
2025,pos
2026,pos
2027,neg
2028,pos
2029,pos
2030,pos
2031,pos
2032,pos
2033,pos
2034,neg
2035,pos
2036,neg
2037,pos
2038,pos
2039,pos
2040,pos
2041,pos
2042,pos
2043,neg
2044,neg
2045,pos
2046,pos
2047,pos
2048,pos
2049,pos
2050,pos
2051,pos
2052,pos
2053,pos
2054,pos
2055,pos
2056,pos
2057,pos
2058,pos
2059,neg
2060,pos
2061,pos
2062,pos
2063,pos
2064,pos
2065,pos
2066,pos
2067,pos
2068,pos
2069,pos
2070,pos
2071,pos
2072,pos
2073,pos
2074,pos
2075,pos
2076,pos
2077,neg
2078,neg
2079,neg
2080,neg
2081,pos
2082,pos
2083,pos
2084,pos
2085,pos
2086,pos
2087,pos
2088,pos
2089,neg
2090,pos
2091,pos
2092,pos
2093,pos
2094,pos
2095,pos
2096,neg
2097,pos
2098,neg
2099,pos
2100,pos
2101,pos
2102,neg
2103,pos
2104,pos
2105,pos
2106,pos
2107,pos
2108,neg
2109,neg
2110,pos
2111,neg
2112,pos
2113,pos
2114,pos
2115,neg
2116,pos
2117,pos
2118,pos
2119,pos
2120,neg
2121,neg
2122,neg
2123,pos
2124,pos
2125,neg
2126,pos
2127,pos
2128,pos
2129,pos
2130,pos
2131,pos
2132,pos
2133,neg
2134,pos
2135,neg
2136,pos
2137,neg
2138,pos
2139,pos
2140,pos
2141,neg
2142,pos
2143,neg
2144,pos
2145,pos
2146,pos
2147,pos
2148,pos
2149,pos
2150,neg
2151,pos
2152,pos
2153,pos
2154,pos
2155,pos
2156,neg
2157,pos
2158,pos
2159,pos
2160,pos
2161,pos
2162,neg
2163,pos
2164,pos
2165,neg
2166,pos
2167,neg
2168,pos
2169,pos
2170,neg
2171,pos
2172,pos
2173,pos
2174,pos
2175,neg
2176,pos
2177,pos
2178,pos
2179,neg
2180,pos
2181,pos
2182,neg
2183,neg
2184,pos
2185,neg
2186,pos
2187,pos
2188,pos
2189,pos
2190,pos
2191,pos
2192,pos
2193,pos
2194,neg
2195,pos
2196,neg
2197,pos
2198,pos
2199,pos
2200,pos
2201,neg
2202,pos
2203,pos
2204,pos
2205,pos
2206,pos
2207,neg
2208,pos
2209,pos
2210,pos
2211,pos
2212,pos
2213,pos
2214,pos
2215,pos
2216,pos
2217,pos
2218,pos
2219,neg
2220,pos
2221,pos
2222,neg
2223,pos
2224,pos
2225,pos
2226,neg
2227,neg
2228,pos
2229,pos
2230,pos
2231,pos
2232,neg
2233,pos
2234,pos
2235,pos
2236,pos
2237,pos
2238,neg
2239,pos
2240,pos
2241,neg
2242,pos
2243,pos
2244,neg
2245,neg
2246,pos
2247,pos
2248,neg
2249,pos
2250,pos
2251,pos
2252,pos
2253,pos
2254,neg
2255,pos
2256,pos
2257,neg
2258,pos
2259,neg
2260,pos
2261,pos
2262,pos
2263,pos
2264,pos
2265,neg
2266,neg
2267,neg
2268,neg
2269,pos
2270,pos
2271,pos
2272,neg
2273,neg
2274,pos
2275,neg
2276,pos
2277,pos
2278,pos
2279,neg
2280,pos
2281,pos
2282,pos
2283,neg
2284,pos
2285,pos
2286,pos
2287,pos
2288,pos
2289,pos
2290,neg
2291,pos
2292,pos
2293,pos
2294,pos
2295,neg
2296,neg
2297,pos
2298,pos
2299,neg
2300,neg
2301,neg
2302,pos
2303,pos
2304,pos
2305,pos
2306,pos
2307,pos
2308,pos
2309,pos
2310,pos
2311,pos
2312,pos
2313,neg
2314,pos
2315,pos
2316,pos
2317,pos
2318,neg
2319,pos
2320,pos
2321,pos
2322,pos
2323,pos
2324,pos
2325,neg
2326,neg
2327,pos
2328,pos
2329,pos
2330,pos
2331,pos
2332,pos
2333,neg
2334,pos
2335,pos
2336,pos
2337,pos
2338,pos
2339,pos
2340,neg
2341,pos
2342,pos
2343,pos
2344,pos
2345,neg
2346,pos
2347,pos
2348,pos
2349,neg
2350,pos
2351,pos
2352,pos
2353,pos
2354,pos
2355,pos
2356,pos
2357,neg
2358,neg
2359,pos
2360,pos
2361,pos
2362,pos
2363,neg
2364,pos
2365,pos
2366,neg
2367,pos
2368,pos
2369,neg
2370,pos
2371,pos
2372,neg
2373,pos
2374,pos
2375,pos
2376,pos
2377,pos
2378,pos
2379,pos
2380,pos
2381,neg
2382,pos
2383,neg
2384,pos
2385,neg
2386,pos
2387,pos
2388,pos
2389,pos
2390,pos
2391,pos
2392,pos
2393,pos
2394,pos
2395,neg
2396,pos
2397,pos
2398,pos
2399,neg
2400,pos
2401,pos
2402,neg
2403,neg
2404,pos
2405,pos
2406,pos
2407,neg
2408,pos
2409,pos
2410,pos
2411,pos
2412,pos
2413,pos
2414,neg
2415,neg
2416,pos
2417,pos
2418,pos
2419,neg
2420,pos
2421,pos
2422,neg
2423,pos
2424,pos
2425,pos
2426,pos
2427,pos
2428,pos
2429,pos
2430,pos
2431,pos
2432,pos
2433,pos
2434,pos
2435,pos
2436,pos
2437,pos
2438,pos
2439,pos
2440,pos
2441,neg
2442,pos
2443,pos
2444,pos
2445,neg
2446,pos
2447,pos
2448,neg
2449,pos
2450,pos
2451,neg
2452,pos
2453,pos
2454,pos
2455,neg
2456,pos
2457,pos
2458,pos
2459,neg
2460,pos
2461,pos
2462,pos
2463,neg
2464,pos
2465,pos
2466,pos
2467,pos
2468,pos
2469,pos
2470,neg
2471,pos
2472,pos
2473,pos
2474,pos
2475,pos
2476,neg
2477,neg
2478,neg
2479,pos
2480,pos
2481,pos
2482,pos
2483,pos
2484,pos
2485,pos
2486,pos
2487,pos
2488,neg
2489,neg
2490,neg
2491,neg
2492,pos
2493,neg
2494,pos
2495,pos
2496,pos
2497,pos
2498,neg
2499,neg
2500,pos
2501,pos
2502,pos
2503,pos
2504,pos
2505,pos
2506,neg
2507,pos
2508,pos
2509,pos
2510,pos
2511,pos
2512,pos
2513,pos
2514,pos
2515,pos
2516,pos
2517,pos
2518,pos
2519,pos
2520,pos
2521,pos
2522,pos
2523,pos
2524,neg
2525,pos
2526,pos
2527,pos
2528,neg
2529,pos
2530,pos
2531,pos
2532,pos
2533,pos
2534,neg
2535,pos
2536,pos
2537,neg
2538,pos
2539,pos
2540,pos
2541,pos
2542,neg
2543,pos
2544,neg
2545,pos
2546,pos
2547,pos
2548,neg
2549,pos
2550,pos
2551,pos
2552,pos
2553,neg
2554,pos
2555,pos
2556,neg
2557,pos
2558,neg
2559,neg
2560,neg
2561,pos
2562,pos
2563,pos
2564,neg
2565,pos
2566,pos
2567,neg
2568,pos
2569,pos
2570,pos
2571,pos
2572,pos
2573,pos
2574,pos
2575,pos
2576,neg
2577,pos
2578,pos
2579,neg
2580,pos
2581,pos
2582,pos
2583,neg
2584,pos
2585,pos
2586,neg
2587,pos
2588,pos
2589,neg
2590,neg
2591,pos
2592,pos
2593,pos
2594,pos
2595,pos
2596,pos
2597,pos
2598,pos
2599,pos
2600,pos
2601,pos
2602,pos
2603,pos
2604,pos
2605,pos
2606,pos
2607,pos
2608,pos
2609,pos
2610,pos
2611,pos
2612,pos
2613,pos
2614,pos
2615,pos
2616,pos
2617,neg
2618,pos
2619,pos
2620,pos
2621,pos
2622,pos
2623,pos
2624,pos
2625,pos
2626,pos
2627,pos
2628,neg
2629,pos
2630,pos
2631,pos
2632,pos
2633,pos
2634,pos
2635,pos
2636,pos
2637,pos
2638,pos
2639,pos
2640,neg
2641,pos
2642,pos
2643,pos
2644,pos
2645,pos
2646,pos
2647,pos
2648,pos
2649,neg
2650,pos
2651,neg
2652,pos
2653,pos
2654,pos
2655,pos
2656,pos
2657,pos
2658,neg
2659,pos
2660,pos
2661,pos
2662,neg
2663,pos
2664,pos
2665,neg
2666,neg
2667,pos
2668,neg
2669,pos
2670,pos
2671,pos
2672,pos
2673,pos
2674,pos
2675,pos
2676,pos
2677,neg
2678,pos
2679,pos
2680,pos
2681,neg
2682,neg
2683,pos
2684,pos
2685,neg
2686,pos
2687,pos
2688,pos
2689,pos
2690,neg
2691,neg
2692,neg
2693,neg
2694,pos
2695,pos
2696,pos
2697,neg
2698,pos
2699,pos
2700,pos
2701,pos
2702,neg
2703,neg
2704,neg
2705,pos
2706,pos
2707,pos
2708,pos
2709,neg
2710,pos
2711,pos
2712,pos
2713,pos
2714,neg
2715,pos
2716,pos
2717,pos
2718,pos
2719,pos
2720,neg
2721,pos
2722,neg
2723,neg
2724,pos
2725,pos
2726,pos
2727,pos
2728,neg
2729,pos
2730,pos
2731,pos
2732,pos
2733,pos
2734,neg
2735,neg
2736,pos
2737,pos
2738,pos
2739,neg
2740,pos
2741,pos
2742,pos
2743,pos
2744,neg
2745,pos
2746,pos
2747,pos
2748,neg
2749,pos
2750,pos
2751,pos
2752,pos
2753,pos
2754,pos
2755,neg
2756,pos
2757,pos
2758,neg
2759,neg
2760,pos
2761,pos
2762,neg
2763,pos
2764,pos
2765,neg
2766,pos
2767,pos
2768,neg
2769,pos
2770,neg
2771,pos
2772,pos
2773,pos
2774,pos
2775,pos
2776,pos
2777,pos
2778,pos
2779,pos
2780,neg
2781,pos
2782,neg
2783,neg
2784,neg
2785,pos
2786,pos
2787,pos
2788,pos
2789,pos
2790,pos
2791,pos
2792,pos
2793,neg
2794,pos
2795,pos
2796,neg
2797,neg
2798,pos
2799,neg
2800,pos
2801,pos
2802,pos
2803,pos
2804,pos
2805,pos
2806,pos
2807,pos
2808,pos
2809,neg
2810,pos
2811,pos
2812,pos
2813,pos
2814,pos
2815,neg
2816,pos
2817,pos
2818,pos
2819,neg
2820,pos
2821,pos
2822,pos
2823,pos
2824,neg
2825,neg
2826,pos
2827,neg
2828,pos
2829,pos
2830,pos
2831,neg
2832,pos
2833,pos
2834,pos
2835,neg
2836,pos
2837,pos
2838,pos
2839,pos
2840,pos
2841,pos
2842,pos
2843,neg
2844,pos
2845,neg
2846,pos
2847,pos
2848,pos
2849,pos
2850,pos
2851,neg
2852,pos
2853,pos
2854,pos
2855,neg
2856,pos
2857,pos
2858,pos
2859,neg
2860,pos
2861,neg
2862,pos
2863,pos
2864,pos
2865,neg
2866,pos
2867,neg
2868,pos
2869,pos
2870,pos
2871,pos
2872,pos
2873,pos
2874,pos
2875,pos
2876,pos
2877,neg
2878,neg
2879,pos
2880,pos
2881,pos
2882,pos
2883,neg
2884,pos
2885,pos
2886,pos
2887,neg
2888,pos
2889,neg
2890,pos
2891,pos
2892,pos
2893,neg
2894,pos
2895,pos
2896,pos
2897,pos
2898,neg
2899,pos
2900,pos
2901,pos
2902,pos
2903,neg
2904,pos
2905,pos
2906,neg
2907,pos
2908,pos
2909,pos
2910,pos
2911,neg
2912,pos
2913,pos
2914,neg
2915,pos
2916,pos
2917,pos
2918,neg
2919,pos
2920,pos
2921,neg
2922,pos
2923,pos
2924,pos
2925,pos
2926,pos
2927,pos
2928,neg
2929,pos
2930,pos
2931,pos
2932,pos
2933,pos
2934,pos
2935,pos
2936,pos
2937,pos
2938,pos
2939,pos
2940,pos
2941,pos
2942,neg
2943,pos
2944,neg
2945,pos
2946,pos
2947,neg
2948,neg
2949,pos
2950,pos
2951,pos
2952,pos
2953,pos
2954,pos
2955,pos
2956,pos
2957,pos
2958,pos
2959,neg
2960,pos
2961,neg
2962,pos
2963,neg
2964,neg
2965,neg
2966,neg
2967,pos
2968,pos
2969,neg
2970,neg
2971,pos
2972,pos
2973,pos
2974,pos
2975,neg
2976,neg
2977,pos
2978,pos
2979,pos
2980,pos
2981,pos
2982,pos
2983,pos
2984,pos
2985,pos
2986,neg
2987,neg
2988,neg
2989,pos
2990,pos
2991,pos
2992,pos
2993,pos
2994,neg
2995,neg
2996,pos
2997,pos
2998,neg
2999,pos
3000,pos
3001,pos
3002,pos
3003,pos
3004,pos
3005,neg
3006,pos
3007,pos
3008,neg
3009,pos
3010,pos
3011,pos
3012,neg
3013,neg
3014,pos
3015,pos
3016,pos
3017,pos
3018,pos
3019,pos
3020,pos
3021,neg
3022,pos
3023,pos
3024,neg
3025,pos
3026,neg
3027,neg
3028,pos
3029,pos
3030,pos
3031,pos
3032,pos
3033,pos
3034,pos
3035,pos
3036,pos
3037,pos
3038,pos
3039,neg
3040,pos
3041,pos
3042,pos
3043,neg
3044,pos
3045,pos
3046,neg
3047,neg
3048,pos
3049,pos
3050,pos
3051,pos
3052,pos
3053,neg
3054,pos
3055,pos
3056,neg
3057,neg
3058,pos
3059,pos
3060,pos
3061,pos
3062,pos
3063,pos
3064,pos
3065,neg
3066,pos
3067,pos
3068,pos
3069,neg
3070,pos
3071,pos
3072,pos
3073,pos
3074,pos
3075,neg
3076,pos
3077,pos
3078,pos
3079,pos
3080,pos
3081,neg
3082,pos
3083,pos
3084,neg
3085,pos
3086,pos
3087,pos
3088,pos
3089,pos
3090,pos
3091,pos
3092,pos
3093,pos
3094,pos
3095,pos
3096,pos
3097,neg
3098,pos
3099,neg
3100,pos
3101,pos
3102,neg
3103,pos
3104,pos
3105,pos
3106,neg
3107,pos
3108,pos
3109,pos
3110,pos
3111,neg
3112,neg
3113,neg
3114,pos
3115,pos
3116,pos
3117,neg
3118,neg
3119,neg
3120,neg
3121,pos
3122,pos
3123,pos
3124,pos
3125,pos
3126,neg
3127,neg
3128,pos
3129,pos
3130,pos
3131,pos
3132,pos
3133,pos
3134,pos
3135,pos
3136,pos
3137,pos
3138,neg
3139,pos
3140,pos
3141,pos
3142,neg
3143,neg
3144,pos
3145,pos
3146,neg
3147,neg
3148,pos
3149,pos
3150,pos
3151,neg
3152,neg
3153,pos
3154,pos
3155,pos
3156,neg
3157,neg
3158,pos
3159,pos
3160,pos
3161,pos
3162,pos
3163,pos
3164,pos
3165,pos
3166,neg
3167,pos
3168,pos
3169,pos
3170,pos
3171,pos
3172,pos
3173,pos
3174,pos
3175,pos
3176,pos
3177,pos
3178,pos
3179,pos
3180,neg
3181,pos
3182,pos
3183,neg
3184,pos
3185,pos
3186,pos
3187,neg
3188,pos
3189,pos
3190,pos
3191,pos
3192,pos
3193,pos
3194,pos
3195,neg
3196,pos
3197,neg
3198,pos
3199,neg
3200,pos
3201,neg
3202,pos
3203,pos
3204,pos
3205,pos
3206,neg
3207,pos
3208,neg
3209,pos
3210,neg
3211,pos
3212,neg
3213,pos
3214,pos
3215,pos
3216,neg
3217,pos
3218,pos
3219,neg
3220,pos
3221,pos
3222,pos
3223,neg
3224,pos
3225,pos
3226,pos
3227,pos
3228,pos
3229,pos
3230,pos
3231,pos
3232,pos
3233,pos
3234,pos
3235,neg
3236,pos
3237,pos
3238,pos
3239,pos
3240,pos
3241,neg
3242,pos
3243,pos
3244,neg
3245,pos
3246,pos
3247,pos
3248,pos
3249,neg
3250,pos
3251,pos
3252,pos
3253,pos
3254,neg
3255,pos
3256,pos
3257,pos
3258,pos
3259,pos
3260,pos
3261,pos
3262,neg
3263,pos
3264,pos
3265,pos
3266,pos
3267,neg
3268,pos
3269,pos
3270,pos
3271,pos
3272,neg
3273,pos
3274,pos
3275,pos
3276,pos
3277,pos
3278,neg
3279,pos
3280,pos
3281,pos
3282,pos
3283,pos
3284,neg
3285,pos
3286,pos
3287,neg
3288,neg
3289,neg
3290,pos
3291,pos
3292,pos
3293,pos
3294,pos
3295,pos
3296,pos
3297,neg
3298,neg
3299,pos
3300,pos
3301,neg
3302,pos
3303,pos
3304,neg
3305,neg
3306,neg
3307,pos
3308,neg
3309,pos
3310,pos
3311,pos
3312,pos
3313,pos
3314,pos
3315,pos
3316,pos
3317,neg
3318,pos
3319,pos
3320,pos
3321,pos
3322,pos
3323,pos
3324,pos
3325,pos
3326,neg
3327,pos
3328,pos
3329,pos
3330,pos
3331,pos
3332,pos
3333,pos
3334,neg
3335,pos
3336,pos
3337,pos
3338,pos
3339,neg
3340,pos
3341,pos
3342,pos
3343,pos
3344,pos
3345,pos
3346,pos
3347,pos
3348,pos
3349,pos
3350,neg
3351,pos
3352,neg
3353,pos
3354,neg
3355,pos
3356,pos
3357,pos
3358,neg
3359,pos
3360,pos
3361,pos
3362,pos
3363,pos
3364,pos
3365,neg
3366,pos
3367,pos
3368,pos
3369,neg
3370,pos
3371,pos
3372,pos
3373,neg
3374,pos
3375,pos
3376,neg
3377,pos
3378,pos
3379,pos
3380,neg
3381,neg
3382,pos
3383,pos
3384,neg
3385,pos
3386,pos
3387,pos
3388,neg
3389,pos
3390,pos
3391,neg
3392,pos
3393,neg
3394,pos
3395,pos
3396,pos
3397,pos
3398,pos
3399,neg
3400,pos
3401,pos
3402,pos
3403,pos
3404,pos
3405,pos
3406,pos
3407,pos
3408,pos
3409,pos
3410,neg
3411,pos
3412,neg
3413,pos
3414,neg
3415,pos
3416,pos
3417,neg
3418,pos
3419,pos
3420,pos
3421,pos
3422,pos
3423,pos
3424,neg
3425,pos
3426,pos
3427,pos
3428,neg
3429,neg
3430,pos
3431,neg
3432,neg
3433,pos
3434,pos
3435,pos
3436,pos
3437,pos
3438,neg
3439,neg
3440,neg
3441,pos
3442,neg
3443,neg
3444,pos
3445,neg
3446,pos
3447,pos
3448,pos
3449,pos
3450,pos
3451,neg
3452,pos
3453,pos
3454,pos
3455,pos
3456,neg
3457,pos
3458,neg
3459,pos
3460,neg
3461,pos
3462,pos
3463,pos
3464,neg
3465,pos
3466,pos
3467,pos
3468,neg
3469,neg
3470,pos
3471,neg
3472,pos
3473,pos
3474,pos
3475,pos
3476,neg
3477,pos
3478,pos
3479,neg
3480,pos
3481,neg
3482,pos
3483,pos
3484,pos
3485,neg
3486,neg
3487,pos
3488,neg
3489,pos
3490,pos
3491,pos
3492,neg
3493,pos
3494,neg
3495,pos
3496,pos
3497,pos
3498,pos
3499,pos
3500,pos
3501,pos
3502,pos
3503,neg
3504,neg
3505,pos
3506,pos
3507,neg
3508,pos
3509,neg
3510,pos
3511,neg
3512,pos
3513,pos
3514,pos
3515,pos
3516,neg
3517,pos
3518,pos
3519,pos
3520,neg
3521,neg
3522,pos
3523,pos
3524,pos
3525,pos
3526,pos
3527,pos
3528,pos
3529,pos
3530,pos
3531,pos
3532,pos
3533,pos
3534,pos
3535,pos
3536,neg
3537,pos
3538,neg
3539,neg
3540,neg
3541,pos
3542,pos
3543,pos
3544,neg
3545,pos
3546,pos
3547,pos
3548,pos
3549,pos
3550,pos
3551,pos
3552,pos
3553,pos
3554,neg
3555,pos
3556,pos
3557,pos
3558,pos
3559,pos
3560,neg
3561,pos
3562,pos
3563,neg
3564,neg
3565,pos
3566,pos
3567,pos
3568,pos
3569,pos
3570,pos
3571,pos
3572,pos
3573,pos
3574,pos
3575,pos
3576,pos
3577,pos
3578,pos
3579,pos
3580,pos
3581,pos
3582,pos
3583,neg
3584,neg
3585,pos
3586,pos
3587,pos
3588,pos
3589,pos
3590,pos
3591,pos
3592,pos
3593,neg
3594,pos
3595,pos
3596,pos
3597,pos
3598,neg
3599,pos
3600,pos
3601,pos
3602,pos
3603,neg
3604,pos
3605,pos
3606,pos
3607,pos
3608,pos
3609,neg
3610,pos
3611,pos
3612,pos
3613,neg
3614,pos
3615,pos
3616,pos
3617,pos
3618,pos
3619,pos
3620,neg
3621,pos
3622,pos
3623,pos
3624,pos
3625,neg
3626,pos
3627,pos
3628,pos
3629,pos
3630,pos
3631,neg
3632,pos
3633,pos
3634,pos
3635,neg
3636,neg
3637,pos
3638,pos
3639,neg
3640,pos
3641,pos
3642,neg
3643,pos
3644,neg
3645,pos
3646,pos
3647,neg
3648,pos
3649,pos
3650,pos
3651,pos
3652,neg
3653,neg
3654,neg
3655,pos
3656,neg
3657,pos
3658,neg
3659,pos
3660,pos
3661,pos
3662,neg
3663,neg
3664,pos
3665,pos
3666,pos
3667,neg
3668,neg
3669,neg
3670,pos
3671,pos
3672,neg
3673,pos
3674,neg
3675,pos
3676,pos
3677,neg
3678,pos
3679,neg
3680,pos
3681,pos
3682,pos
3683,pos
3684,neg
3685,pos
3686,pos
3687,neg
3688,pos
3689,pos
3690,pos
3691,pos
3692,pos
3693,pos
3694,pos
3695,pos
3696,neg
3697,pos
3698,pos
3699,neg
3700,pos
3701,neg
3702,pos
3703,neg
3704,neg
3705,pos
3706,pos
3707,pos
3708,neg
3709,pos
3710,pos
3711,pos
3712,pos
3713,pos
3714,pos
3715,pos
3716,pos
3717,pos
3718,pos
3719,pos
3720,pos
3721,pos
3722,pos
3723,pos
3724,pos
3725,pos
3726,pos
3727,neg
3728,pos
3729,neg
3730,pos
3731,neg
3732,pos
3733,pos
3734,pos
3735,pos
3736,neg
3737,neg
3738,neg
3739,pos
3740,pos
3741,pos
3742,pos
3743,pos
3744,neg
3745,pos
3746,pos
3747,pos
3748,pos
3749,pos
3750,pos
3751,pos
3752,pos
3753,pos
3754,pos
3755,pos
3756,neg
3757,neg
3758,pos
3759,pos
3760,pos
3761,pos
3762,pos
3763,pos
3764,neg
3765,pos
3766,pos
3767,pos
3768,pos
3769,pos
3770,pos
3771,pos
3772,pos
3773,pos
3774,pos
3775,neg
3776,pos
3777,neg
3778,pos
3779,neg
3780,pos
3781,pos
3782,pos
3783,pos
3784,pos
3785,pos
3786,pos
3787,pos
3788,pos
3789,pos
3790,neg
3791,pos
3792,pos
3793,neg
3794,neg
3795,pos
3796,pos
3797,pos
3798,pos
3799,pos
3800,neg
3801,pos
3802,pos
3803,pos
3804,pos
3805,pos
3806,pos
3807,pos
3808,pos
3809,pos
3810,pos
3811,pos
3812,pos
3813,pos
3814,neg
3815,neg
3816,pos
3817,pos
3818,pos
3819,pos
3820,pos
3821,pos
3822,pos
3823,neg
3824,pos
3825,pos
3826,neg
3827,neg
3828,pos
3829,pos
3830,pos
3831,pos
3832,neg
3833,pos
3834,pos
3835,neg
3836,pos
3837,pos
3838,neg
3839,neg
3840,pos
3841,pos
3842,neg
3843,pos
3844,pos
3845,pos
3846,pos
3847,pos
3848,pos
3849,pos
3850,pos
3851,pos
3852,pos
3853,pos
3854,neg
3855,pos
3856,neg
3857,pos
3858,pos
3859,pos
3860,pos
3861,pos
3862,pos
3863,pos
3864,neg
3865,neg
3866,neg
3867,neg
3868,pos
3869,pos
3870,neg
3871,pos
3872,pos
3873,neg
3874,pos
3875,neg
3876,pos
3877,pos
3878,neg
3879,pos
3880,pos
3881,pos
3882,pos
3883,pos
3884,pos
3885,pos
3886,neg
3887,pos
3888,pos
3889,pos
3890,neg
3891,neg
3892,neg
3893,pos
3894,pos
3895,pos
3896,pos
3897,neg
3898,pos
3899,pos
3900,pos
3901,pos
3902,pos
3903,pos
3904,pos
3905,pos
3906,pos
3907,pos
3908,pos
3909,neg
3910,pos
3911,pos
3912,neg
3913,pos
3914,pos
3915,neg
3916,neg
3917,pos
3918,neg
3919,neg
3920,pos
3921,pos
3922,pos
3923,neg
3924,pos
3925,pos
3926,pos
3927,pos
3928,pos
3929,pos
3930,pos
3931,pos
3932,neg
3933,pos
3934,pos
3935,pos
3936,neg
3937,pos
3938,pos
3939,pos
3940,pos
3941,pos
3942,pos
3943,pos
3944,pos
3945,pos
3946,neg
3947,pos
3948,neg
3949,pos
3950,pos
3951,pos
3952,pos
3953,pos
3954,pos
3955,pos
3956,pos
3957,pos
3958,pos
3959,pos
3960,pos
3961,pos
3962,pos
3963,pos
3964,pos
3965,neg
3966,pos
3967,pos
3968,pos
3969,neg
3970,pos
3971,pos
3972,neg
3973,pos
3974,pos
3975,neg
3976,pos
3977,pos
3978,neg
3979,pos
3980,pos
3981,pos
3982,neg
3983,pos
3984,neg
3985,neg
3986,pos
3987,neg
3988,neg
3989,pos
3990,neg
3991,pos
3992,pos
3993,pos
3994,pos
3995,neg
3996,neg
3997,neg
3998,pos
3999,neg
4000,pos
4001,pos
4002,neg
4003,pos
4004,pos
4005,pos
4006,pos
4007,pos
4008,pos
4009,pos
4010,neg
4011,pos
4012,pos
4013,neg
4014,pos
4015,pos
4016,pos
4017,pos
4018,pos
4019,neg
4020,neg
4021,neg
4022,pos
4023,pos
4024,neg
4025,pos
4026,pos
4027,pos
4028,pos
4029,neg
4030,pos
4031,neg
4032,pos
4033,pos
4034,pos
4035,pos
4036,pos
4037,pos
4038,neg
4039,pos
4040,pos
4041,pos
4042,pos
4043,pos
4044,pos
4045,pos
4046,pos
4047,pos
4048,neg
4049,neg
4050,neg
4051,pos
4052,pos
4053,pos
4054,neg
4055,pos
4056,pos
4057,neg
4058,pos
4059,neg
4060,pos
4061,pos
4062,pos
4063,neg
4064,neg
4065,pos
4066,pos
4067,pos
4068,neg
4069,pos
4070,pos
4071,pos
4072,pos
4073,pos
4074,neg
4075,pos
4076,neg
4077,pos
4078,pos
4079,neg
4080,pos
4081,neg
4082,neg
4083,pos
4084,pos
4085,neg
4086,pos
4087,pos
4088,pos
4089,neg
4090,pos
4091,pos
4092,pos
4093,pos
4094,pos
4095,neg
4096,pos
4097,pos
4098,neg
4099,pos
4100,pos
4101,pos
4102,pos
4103,pos
4104,pos
4105,pos
4106,pos
4107,pos
4108,neg
4109,pos
4110,neg
4111,pos
4112,neg
4113,pos
4114,pos
4115,pos
4116,neg
4117,pos
4118,neg
4119,pos
4120,pos
4121,pos
4122,pos
4123,pos
4124,pos
4125,neg
4126,neg
4127,pos
4128,neg
4129,pos
4130,pos
4131,pos
4132,pos
4133,pos
4134,neg
4135,pos
4136,pos
4137,neg
4138,neg
4139,pos
4140,neg
4141,pos
4142,pos
4143,pos
4144,pos
4145,pos
4146,pos
4147,pos
4148,pos
4149,pos
4150,pos
4151,neg
4152,pos
4153,pos
4154,pos
4155,neg
4156,pos
4157,pos
4158,pos
4159,pos
4160,neg
4161,pos
4162,neg
4163,pos
4164,pos
4165,pos
4166,pos
4167,pos
4168,neg
4169,pos
4170,pos
4171,pos
4172,pos
4173,pos
4174,neg
4175,neg
4176,neg
4177,neg
4178,pos
4179,neg
4180,pos
4181,pos
4182,pos
4183,pos
4184,pos
4185,pos
4186,neg
4187,pos
4188,pos
4189,pos
4190,pos
4191,neg
4192,neg
4193,pos
4194,pos
4195,pos
4196,neg
4197,neg
4198,pos
4199,pos
4200,pos
4201,pos
4202,neg
4203,neg
4204,neg
4205,pos
4206,neg
4207,pos
4208,pos
4209,pos
4210,pos
4211,pos
4212,pos
4213,neg
4214,pos
4215,pos
4216,neg
4217,pos
4218,pos
4219,pos
4220,pos
4221,pos
4222,pos
4223,pos
4224,neg
4225,pos
4226,neg
4227,neg
4228,pos
4229,pos
4230,pos
4231,pos
4232,pos
4233,pos
4234,pos
4235,pos
4236,pos
4237,pos
4238,pos
4239,neg
4240,pos
4241,pos
4242,pos
4243,neg
4244,pos
4245,pos
4246,neg
4247,neg
4248,neg
4249,pos
4250,pos
4251,pos
4252,pos
4253,neg
4254,pos
4255,neg
4256,pos
4257,pos
4258,pos
4259,pos
4260,neg
4261,pos
4262,pos
4263,pos
4264,pos
4265,neg
4266,pos
4267,pos
4268,pos
4269,pos
4270,pos
4271,pos
4272,pos
4273,neg
4274,pos
4275,pos
4276,pos
4277,pos
4278,pos
4279,pos
4280,pos
4281,pos
4282,neg
4283,neg
4284,pos
4285,neg
4286,pos
4287,pos
4288,pos
4289,pos
4290,pos
4291,neg
4292,pos
4293,pos
4294,pos
4295,pos
4296,pos
4297,neg
4298,pos
4299,pos
4300,pos
4301,pos
4302,pos
4303,neg
4304,neg
4305,pos
4306,pos
4307,pos
4308,pos
4309,pos
4310,neg
4311,pos
4312,neg
4313,pos
4314,neg
4315,pos
4316,pos
4317,pos
4318,pos
4319,pos
4320,pos
4321,pos
4322,pos
4323,pos
4324,neg
4325,pos
4326,pos
4327,pos
4328,pos
4329,pos
4330,pos
4331,pos
4332,neg
4333,pos
4334,pos
4335,neg
4336,pos
4337,pos
4338,pos
4339,pos
4340,neg
4341,neg
4342,pos
4343,pos
4344,neg
4345,pos
4346,pos
4347,pos
4348,pos
4349,pos
4350,pos
4351,pos
4352,pos
4353,pos
4354,neg
4355,pos
4356,pos
4357,neg
4358,pos
4359,pos
4360,pos
4361,pos
4362,pos
4363,pos
4364,pos
4365,pos
4366,neg
4367,neg
4368,pos
4369,pos
4370,neg
4371,pos
4372,pos
4373,pos
4374,pos
4375,pos
4376,pos
4377,pos
4378,neg
4379,neg
4380,neg
4381,neg
4382,pos
4383,pos
4384,pos
4385,neg
4386,pos
4387,neg
4388,pos
4389,pos
4390,pos
4391,pos
4392,pos
4393,pos
4394,pos
4395,neg
4396,pos
4397,pos
4398,neg
4399,pos
4400,pos
4401,pos
4402,pos
4403,pos
4404,pos
4405,neg
4406,pos
4407,neg
4408,pos
4409,pos
4410,pos
4411,pos
4412,pos
4413,neg
4414,pos
4415,pos
4416,pos
4417,pos
4418,pos
4419,pos
4420,pos
4421,pos
4422,pos
4423,pos
4424,pos
4425,pos
4426,neg
4427,pos
4428,neg
4429,pos
4430,pos
4431,pos
4432,pos
4433,neg
4434,pos
4435,neg
4436,pos
4437,neg
4438,pos
4439,pos
4440,neg
4441,pos
4442,pos
4443,pos
4444,pos
4445,pos
4446,pos
4447,pos
4448,neg
4449,pos
4450,pos
4451,pos
4452,pos
4453,pos
4454,neg
4455,pos
4456,pos
4457,neg
4458,pos
4459,pos
4460,pos
4461,pos
4462,neg
4463,neg
4464,pos
4465,pos
4466,pos
4467,pos
4468,pos
4469,pos
4470,pos
4471,neg
4472,pos
4473,pos
4474,pos
4475,pos
4476,pos
4477,pos
4478,neg
4479,pos
4480,pos
4481,pos
4482,pos
4483,neg
4484,pos
4485,pos
4486,neg
4487,pos
4488,neg
4489,pos
4490,pos
4491,pos
4492,pos
4493,neg
4494,pos
4495,pos
4496,pos
4497,pos
4498,pos
4499,pos
4500,neg
4501,pos
4502,neg
4503,pos
4504,neg
4505,pos
4506,pos
4507,pos
4508,neg
4509,pos
4510,pos
4511,pos
4512,pos
4513,pos
4514,pos
4515,pos
4516,pos
4517,pos
4518,pos
4519,pos
4520,pos
4521,pos
4522,pos
4523,neg
4524,neg
4525,pos
4526,pos
4527,pos
4528,pos
4529,pos
4530,neg
4531,pos
4532,neg
4533,neg
4534,neg
4535,pos
4536,pos
4537,pos
4538,pos
4539,pos
4540,pos
4541,pos
4542,pos
4543,pos
4544,pos
4545,pos
4546,neg
4547,pos
4548,pos
4549,pos
4550,pos
4551,neg
4552,neg
4553,pos
4554,pos
4555,neg
4556,pos
4557,pos
4558,pos
4559,neg
4560,neg
4561,pos
4562,pos
4563,neg
4564,pos
4565,pos
4566,pos
4567,pos
4568,pos
4569,pos
4570,pos
4571,pos
4572,pos
4573,pos
4574,pos
4575,pos
4576,neg
4577,pos
4578,pos
4579,pos
4580,pos
4581,pos
4582,neg
4583,pos
4584,pos
4585,pos
4586,pos
4587,neg
4588,pos
4589,pos
4590,neg
4591,pos
4592,pos
4593,neg
4594,pos
4595,pos
4596,neg
4597,pos
4598,pos
4599,pos
4600,pos
4601,pos
4602,pos
4603,neg
4604,pos
4605,pos
4606,pos
4607,pos
4608,pos
4609,pos
4610,pos
4611,pos
4612,pos
4613,pos
4614,pos
4615,pos
4616,neg
4617,pos
4618,neg
4619,pos
4620,pos
4621,pos
4622,pos
4623,pos
4624,pos
4625,pos
4626,neg
4627,pos
4628,pos
4629,pos
4630,pos
4631,pos
4632,pos
4633,pos
4634,pos
4635,neg
4636,neg
4637,pos
4638,neg
4639,pos
4640,neg
4641,pos
4642,pos
4643,pos
4644,pos
4645,pos
4646,pos
4647,pos
4648,pos
4649,pos
4650,pos
4651,pos
4652,neg
4653,neg
4654,pos
4655,neg
4656,pos
4657,neg
4658,pos
4659,pos
4660,pos
4661,neg
4662,pos
4663,neg
4664,pos
4665,neg
4666,pos
4667,pos
4668,pos
4669,pos
4670,pos
4671,pos
4672,pos
4673,pos
4674,pos
4675,pos
4676,neg
4677,pos
4678,neg
4679,pos
4680,neg
4681,pos
4682,pos
4683,pos
4684,pos
4685,pos
4686,pos
4687,neg
4688,neg
4689,neg
4690,pos
4691,pos
4692,pos
4693,pos
4694,neg
4695,pos
4696,pos
4697,pos
4698,pos
4699,pos
4700,pos
4701,pos
4702,neg
4703,pos
4704,pos
4705,pos
4706,pos
4707,pos
4708,pos
4709,pos
4710,neg
4711,pos
4712,neg
4713,neg
4714,pos
4715,pos
4716,pos
4717,neg
4718,pos
4719,pos
4720,pos
4721,neg
4722,pos
4723,pos
4724,pos
4725,pos
4726,neg
4727,pos
4728,neg
4729,pos
4730,pos
4731,pos
4732,pos
4733,pos
4734,pos
4735,pos
4736,pos
4737,pos
4738,pos
4739,neg
4740,pos
4741,pos
4742,pos
4743,pos
4744,pos
4745,pos
4746,pos
4747,pos
4748,pos
4749,neg
4750,pos
4751,neg
4752,pos
4753,pos
4754,pos
4755,pos
4756,pos
4757,pos
4758,neg
4759,pos
4760,neg
4761,neg
4762,neg
4763,pos
4764,pos
4765,pos
4766,pos
4767,neg
4768,pos
4769,pos
4770,pos
4771,pos
4772,pos
4773,pos
4774,neg
4775,pos
4776,pos
4777,pos
4778,pos
4779,neg
4780,neg
4781,neg
4782,pos
4783,pos
4784,pos
4785,neg
4786,neg
4787,pos
4788,neg
4789,pos
4790,neg
4791,pos
4792,pos
4793,pos
4794,pos
4795,pos
4796,neg
4797,neg
4798,pos
4799,pos
4800,pos
4801,neg
4802,pos
4803,neg
4804,pos
4805,pos
4806,pos
4807,pos
4808,pos
4809,pos
4810,neg
4811,pos
4812,pos
4813,pos
4814,pos
4815,pos
4816,pos
4817,pos
4818,pos
4819,pos
4820,pos
4821,neg
4822,pos
4823,pos
4824,pos
4825,neg
4826,neg
4827,pos
4828,pos
4829,neg
4830,neg
4831,neg
4832,pos
4833,pos
4834,neg
4835,pos
4836,pos
4837,pos
4838,pos
4839,neg
4840,neg
4841,neg
4842,pos
4843,pos
4844,neg
4845,pos
4846,neg
4847,neg
4848,neg
4849,pos
4850,pos
4851,pos
4852,neg
4853,pos
4854,pos
4855,neg
4856,pos
4857,pos
4858,neg
4859,pos
4860,neg
4861,neg
4862,neg
4863,pos
4864,neg
4865,pos
4866,pos
4867,neg
4868,pos
4869,pos
4870,neg
4871,neg
4872,neg
4873,pos
4874,pos
4875,pos
4876,neg
4877,pos
4878,neg
4879,neg
4880,pos
4881,neg
4882,pos
4883,pos
4884,pos
4885,pos
4886,pos
4887,pos
4888,pos
4889,pos
4890,pos
4891,pos
4892,pos
4893,neg
4894,pos
4895,neg
4896,neg
4897,pos
4898,pos
4899,pos
4900,pos
4901,pos
4902,pos
4903,pos
4904,pos
4905,pos
4906,pos
4907,pos
4908,pos
4909,neg
4910,neg
4911,pos
4912,pos
4913,neg
4914,pos
4915,pos
4916,pos
4917,pos
4918,pos
4919,pos
4920,pos
4921,neg
4922,pos
4923,neg
4924,pos
4925,pos
4926,pos
4927,pos
4928,pos
4929,pos
4930,pos
4931,neg
4932,pos
4933,pos
4934,pos
4935,neg
4936,pos
4937,pos
4938,neg
4939,pos
4940,pos
4941,pos
4942,pos
4943,pos
4944,pos
4945,pos
4946,neg
4947,pos
4948,neg
4949,neg
4950,pos
4951,pos
4952,pos
4953,pos
4954,pos
4955,neg
4956,neg
4957,pos
4958,pos
4959,pos
4960,pos
4961,pos
4962,pos
4963,pos
4964,pos
4965,neg
4966,pos
4967,pos
4968,pos
4969,pos
4970,pos
4971,neg
4972,pos
4973,pos
4974,pos
4975,pos
4976,neg
4977,neg
4978,pos
4979,pos
4980,neg
4981,pos
4982,pos
4983,pos
4984,pos
4985,pos
4986,pos
4987,neg
4988,pos
4989,neg
4990,pos
4991,neg
4992,pos
4993,pos
4994,pos
4995,neg
4996,neg
4997,neg
4998,pos
4999,pos
5000,pos
5001,pos
5002,pos
5003,pos
5004,pos
5005,pos
5006,pos
5007,pos
5008,pos
5009,pos
5010,pos
5011,pos
5012,neg
5013,neg
5014,neg
5015,pos
5016,pos
5017,pos
5018,pos
5019,pos
5020,pos
5021,pos
5022,pos
5023,pos
5024,pos
5025,pos
5026,neg
5027,pos
5028,pos
5029,pos
5030,pos
5031,pos
5032,pos
5033,neg
5034,pos
5035,pos
5036,neg
5037,pos
5038,neg
5039,pos
5040,neg
5041,neg
5042,pos
5043,pos
5044,neg
5045,pos
5046,neg
5047,pos
5048,neg
5049,pos
5050,pos
5051,pos
5052,pos
5053,pos
5054,neg
5055,pos
5056,pos
5057,neg
5058,neg
5059,pos
5060,pos
5061,neg
5062,pos
5063,pos
5064,pos
5065,pos
5066,pos
5067,neg
5068,pos
5069,pos
5070,pos
5071,pos
5072,pos
5073,neg
5074,neg
5075,pos
5076,neg
5077,pos
5078,neg
5079,neg
5080,neg
5081,pos
5082,pos
5083,pos
5084,pos
5085,pos
5086,neg
5087,pos
5088,neg
5089,neg
5090,pos
5091,neg
5092,neg
5093,pos
5094,neg
5095,pos
5096,pos
5097,pos
5098,pos
5099,pos
5100,neg
5101,pos
5102,pos
5103,neg
5104,pos
5105,pos
5106,pos
5107,neg
5108,pos
5109,pos
5110,pos
5111,neg
5112,pos
5113,neg
5114,pos
5115,neg
5116,neg
5117,pos
5118,pos
5119,pos
5120,neg
5121,pos
5122,pos
5123,pos
5124,pos
5125,pos
5126,pos
5127,pos
5128,pos
5129,pos
5130,neg
5131,pos
5132,pos
5133,pos
5134,pos
5135,pos
5136,neg
5137,neg
5138,pos
5139,pos
5140,pos
5141,neg
5142,pos
5143,pos
5144,pos
5145,pos
5146,neg
5147,pos
5148,pos
5149,neg
5150,pos
5151,pos
5152,pos
5153,pos
5154,pos
5155,neg
5156,pos
5157,pos
5158,neg
5159,pos
5160,pos
5161,neg
5162,pos
5163,neg
5164,pos
5165,pos
5166,pos
5167,pos
5168,neg
5169,pos
5170,pos
5171,neg
5172,pos
5173,pos
5174,pos
5175,pos
5176,pos
5177,neg
5178,pos
5179,pos
5180,neg
5181,pos
5182,pos
5183,pos
5184,pos
5185,pos
5186,neg
5187,pos
5188,pos
5189,neg
5190,pos
5191,pos
5192,pos
5193,pos
5194,neg
5195,pos
5196,pos
5197,neg
5198,pos
5199,pos
5200,pos
5201,pos
5202,pos
5203,pos
5204,pos
5205,pos
5206,neg
5207,pos
5208,pos
5209,pos
5210,pos
5211,pos
5212,pos
5213,pos
5214,pos
5215,neg
5216,pos
5217,pos
5218,pos
5219,neg
5220,pos
5221,pos
5222,neg
5223,pos
5224,pos
5225,pos
5226,pos
5227,pos
5228,neg
5229,pos
5230,pos
5231,pos
5232,pos
5233,neg
5234,neg
5235,neg
5236,neg
5237,neg
5238,pos
5239,pos
5240,pos
5241,pos
5242,pos
5243,pos
5244,pos
5245,pos
5246,neg
5247,pos
5248,neg
5249,pos
5250,pos
5251,pos
5252,pos
5253,pos
5254,pos
5255,pos
5256,neg
5257,pos
5258,pos
5259,pos
5260,pos
5261,pos
5262,pos
5263,neg
5264,pos
5265,pos
5266,pos
5267,pos
5268,pos
5269,neg
5270,pos
5271,pos
5272,neg
5273,pos
5274,pos
5275,neg
5276,pos
5277,neg
5278,pos
5279,pos
5280,neg
5281,pos
5282,pos
5283,pos
5284,pos
5285,pos
5286,pos
5287,pos
5288,pos
5289,pos
5290,neg
5291,pos
5292,pos
5293,neg
5294,neg
5295,neg
5296,neg
5297,pos
5298,pos
5299,pos
5300,pos
5301,neg
5302,pos
5303,pos
5304,pos
5305,pos
5306,pos
5307,pos
5308,pos
5309,neg
5310,pos
5311,pos
5312,pos
5313,pos
5314,pos
5315,neg
5316,neg
5317,neg
5318,pos
5319,pos
5320,neg
5321,pos
5322,pos
5323,neg
5324,pos
5325,pos
5326,pos
5327,pos
5328,pos
5329,pos
5330,pos
5331,pos
5332,pos
5333,pos
5334,neg
5335,pos
5336,pos
5337,pos
5338,pos
5339,neg
5340,pos
5341,pos
5342,neg
5343,pos
5344,pos
5345,pos
5346,neg
5347,pos
5348,pos
5349,neg
5350,neg
5351,pos
5352,pos
5353,pos
5354,pos
5355,neg
5356,neg
5357,pos
5358,pos
5359,neg
5360,pos
5361,neg
5362,pos
5363,pos
5364,neg
5365,neg
5366,neg
5367,neg
5368,neg
5369,pos
5370,pos
5371,pos
5372,neg
5373,pos
5374,pos
5375,pos
5376,pos
5377,pos
5378,pos
5379,pos
5380,pos
5381,neg
5382,pos
5383,neg
5384,neg
5385,pos
5386,neg
5387,pos
5388,pos
5389,neg
5390,pos
5391,pos
5392,pos
5393,pos
5394,pos
5395,pos
5396,pos
5397,pos
5398,neg
5399,pos
5400,pos
5401,pos
5402,neg
5403,neg
5404,pos
5405,neg
5406,pos
5407,pos
5408,pos
5409,pos
5410,neg
5411,pos
5412,pos
5413,pos
5414,neg
5415,neg
5416,pos
5417,pos
5418,pos
5419,pos
5420,pos
5421,pos
5422,pos
5423,pos
5424,pos
5425,neg
5426,pos
5427,pos
5428,pos
5429,pos
5430,pos
5431,pos
5432,pos
5433,pos
5434,pos
5435,neg
5436,pos
5437,pos
5438,pos
5439,pos
5440,pos
5441,pos
5442,neg
5443,pos
5444,pos
5445,pos
5446,neg
5447,pos
5448,pos
5449,neg
5450,pos
5451,pos
5452,neg
5453,pos
5454,pos
5455,neg
5456,neg
5457,neg
5458,pos
5459,pos
5460,pos
5461,neg
5462,neg
5463,neg
5464,neg
5465,pos
5466,neg
5467,neg
5468,pos
5469,pos
5470,neg
5471,pos
5472,pos
5473,pos
5474,pos
5475,neg
5476,pos
5477,neg
5478,pos
5479,pos
5480,pos
5481,pos
5482,pos
5483,neg
5484,pos
5485,pos
5486,neg
5487,pos
5488,pos
5489,pos
5490,pos
5491,pos
5492,pos
5493,pos
5494,pos
5495,neg
5496,pos
5497,pos
5498,pos
5499,pos
5500,pos
5501,pos
5502,pos
5503,neg
5504,pos
5505,pos
5506,pos
5507,pos
5508,pos
5509,neg
5510,pos
5511,pos
5512,pos
5513,pos
5514,neg
5515,neg
5516,pos
5517,pos
5518,pos
5519,pos
5520,pos
5521,pos
5522,pos
5523,neg
5524,pos
5525,pos
5526,pos
5527,pos
5528,pos
5529,pos
5530,pos
5531,pos
5532,pos
5533,pos
5534,pos
5535,pos
5536,pos
5537,pos
5538,pos
5539,neg
5540,pos
5541,pos
5542,neg
5543,pos
5544,pos
5545,pos
5546,neg
5547,neg
5548,neg
5549,pos
5550,pos
5551,neg
5552,pos
5553,pos
5554,neg
5555,pos
5556,pos
5557,pos
5558,pos
5559,neg
5560,pos
5561,pos
5562,pos
5563,pos
5564,neg
5565,neg
5566,neg
5567,neg
5568,pos
5569,pos
5570,neg
5571,pos
5572,neg
5573,neg
5574,pos
5575,neg
5576,pos
5577,pos
5578,neg
5579,pos
5580,pos
5581,pos
5582,neg
5583,pos
5584,pos
5585,neg
5586,pos
5587,pos
5588,neg
5589,pos
5590,pos
5591,pos
5592,pos
5593,neg
5594,pos
5595,pos
5596,neg
5597,pos
5598,pos
5599,pos
5600,pos
5601,pos
5602,pos
5603,pos
5604,pos
5605,pos
5606,neg
5607,pos
5608,pos
5609,pos
5610,neg
5611,pos
5612,pos
5613,pos
5614,pos
5615,neg
5616,pos
5617,pos
5618,pos
5619,pos
5620,pos
5621,pos
5622,pos
5623,pos
5624,pos
5625,pos
5626,pos
5627,neg
5628,neg
5629,pos
5630,pos
5631,pos
5632,pos
5633,pos
5634,pos
5635,neg
5636,pos
5637,pos
5638,pos
5639,pos
5640,pos
5641,neg
5642,pos
5643,neg
5644,pos
5645,pos
5646,pos
5647,pos
5648,neg
5649,pos
5650,pos
5651,pos
5652,pos
5653,neg
5654,neg
5655,pos
5656,neg
5657,neg
5658,neg
5659,pos
5660,neg
5661,pos
5662,neg
5663,pos
5664,neg
5665,pos
5666,neg
5667,pos
5668,pos
5669,pos
5670,pos
5671,pos
5672,pos
5673,pos
5674,pos
5675,pos
5676,pos
5677,pos
5678,pos
5679,pos
5680,pos
5681,pos
5682,pos
5683,pos
5684,pos
5685,neg
5686,pos
5687,neg
5688,pos
5689,neg
5690,pos
5691,pos
5692,pos
5693,pos
5694,neg
5695,pos
5696,pos
5697,neg
5698,pos
5699,pos
5700,pos
5701,pos
5702,pos
5703,pos
5704,pos
5705,pos
5706,pos
5707,pos
5708,neg
5709,pos
5710,pos
5711,neg
5712,pos
5713,pos
5714,pos
5715,pos
5716,pos
5717,pos
5718,neg
5719,neg
5720,pos
5721,pos
5722,pos
5723,pos
5724,pos
5725,pos
5726,neg
5727,pos
5728,pos
5729,pos
5730,pos
5731,neg
5732,pos
5733,neg
5734,neg
5735,pos
5736,pos
5737,pos
5738,pos
5739,neg
5740,pos
5741,pos
5742,pos
5743,pos
5744,neg
5745,pos
5746,pos
5747,neg
5748,pos
5749,pos
5750,pos
5751,pos
5752,pos
5753,pos
5754,pos
5755,pos
5756,pos
5757,pos
5758,pos
5759,pos
5760,pos
5761,neg
5762,neg
5763,pos
5764,pos
5765,pos
5766,pos
5767,pos
5768,pos
5769,pos
5770,pos
5771,pos
5772,pos
5773,neg
5774,pos
5775,neg
5776,neg
5777,pos
5778,pos
5779,pos
5780,pos
5781,pos
5782,pos
5783,pos
5784,pos
5785,neg
5786,pos
5787,pos
5788,pos
5789,pos
5790,pos
5791,neg
5792,neg
5793,neg
5794,neg
5795,pos
5796,pos
5797,neg
5798,neg
5799,pos
5800,neg
5801,pos
5802,neg
5803,pos
5804,pos
5805,pos
5806,pos
5807,pos
5808,pos
5809,pos
5810,pos
5811,pos
5812,pos
5813,pos
5814,pos
5815,pos
5816,pos
5817,pos
5818,pos
5819,pos
5820,pos
5821,neg
5822,pos
5823,pos
5824,neg
5825,neg
5826,neg
5827,pos
5828,pos
5829,pos
5830,pos
5831,pos
5832,neg
5833,pos
5834,pos
5835,neg
5836,pos
5837,pos
5838,pos
5839,neg
5840,neg
5841,pos
5842,pos
5843,pos
5844,pos
5845,pos
5846,pos
5847,pos
5848,pos
5849,neg
5850,pos
5851,neg
5852,neg
5853,neg
5854,pos
5855,pos
5856,pos
5857,pos
5858,pos
5859,pos
5860,pos
5861,pos
5862,neg
5863,neg
5864,pos
5865,pos
5866,pos
5867,pos
5868,pos
5869,pos
5870,pos
5871,neg
5872,pos
5873,pos
5874,neg
5875,pos
5876,pos
5877,pos
5878,neg
5879,pos
5880,pos
5881,pos
5882,neg
5883,pos
5884,pos
5885,pos
5886,pos
5887,pos
5888,pos
5889,pos
5890,pos
5891,neg
5892,pos
5893,neg
5894,pos
5895,pos
5896,pos
5897,neg
5898,pos
5899,pos
5900,pos
5901,pos
5902,neg
5903,pos
5904,pos
5905,pos
5906,pos
5907,pos
5908,neg
5909,pos
5910,pos
5911,pos
5912,pos
5913,pos
5914,neg
5915,pos
5916,pos
5917,pos
5918,pos
5919,neg
5920,pos
5921,pos
5922,neg
5923,pos
5924,neg
5925,pos
5926,pos
5927,pos
5928,pos
5929,pos
5930,neg
5931,pos
5932,pos
5933,pos
5934,pos
5935,pos
5936,pos
5937,pos
5938,pos
5939,pos
5940,pos
5941,pos
5942,pos
5943,pos
5944,pos
5945,pos
5946,pos
5947,pos
5948,neg
5949,pos
5950,pos
5951,pos
5952,neg
5953,neg
5954,pos
5955,pos
5956,pos
5957,neg
5958,neg
5959,neg
5960,pos
5961,pos
5962,neg
5963,pos
5964,neg
5965,pos
5966,neg
5967,pos
5968,pos
5969,pos
5970,neg
5971,pos
5972,pos
5973,pos
5974,pos
5975,pos
5976,pos
5977,pos
5978,pos
5979,pos
5980,pos
5981,pos
5982,pos
5983,neg
5984,pos
5985,pos
5986,pos
